Price,rooms,price_per_m2,level,levels,year,area_total,area_living,area_kitchen,area_comfort,street,district
140000.0,2.0,2258.0,7.0,9.0,1969.0,62.0,47.0,9.0,6.0,Омеляновича-Павленка,Оболонський
105000.0,4.0,847.0,25.0,26.0,2018.0,124.0,71.0,16.0,37.0,Ованеса Туманяна,Оболонський
175000.0,3.0,1786.0,25.0,26.0,2010.0,98.0,37.0,14.0,47.0,Ованеса Туманяна,Оболонський
30970.0,1.0,1106.0,12.0,13.0,2013.0,28.0,13.0,5.0,10.0,Петропавлівська,Оболонський
82000.0,2.0,1281.0,18.0,26.0,2009.0,64.0,37.0,14.0,13.0,Дніпровська,Оболонський
168535.7,3.0,1872.6,4.0,9.0,1966.0,90.0,45.0,10.0,35.0,Саксаганського,"Голосіївський, Печерський, Шевченківський"
4500000.0,4.0,14610.0,18.0,21.0,2011.0,308.0,37.0,14.0,257.0,Івана Мазепи,Оболонський
135000.0,2.0,2077.0,16.0,23.0,2012.0,65.0,25.0,18.0,22.0,Дніпровська,Оболонський
120000.0,1.0,2500.0,8.0,25.0,2012.0,48.0,18.0,16.0,14.0,Ділова,"Голосіївський, Печерський"
57500.0,3.0,625.0,9.0,9.0,1970.0,92.0,37.0,14.0,41.0,Новодарницька,Дарницький
98000.0,2.0,1633.0,21.0,34.0,2014.0,60.0,41.0,27.0,0.0,Ревуцького,Дарницький
170000.0,3.0,1735.0,16.0,22.0,2018.0,98.0,48.0,35.0,15.0,Липківського,Подільський
320000.0,5.0,1963.0,23.0,25.0,2017.0,163.0,100.0,14.0,49.0,Бендукідзе,Подільський
65000.0,1.0,2600.0,1.0,3.0,2009.0,25.0,20.0,3.0,2.0,Введенська,Подільський
125000.0,2.0,2778.0,6.0,9.0,1965.0,45.0,37.0,14.0,0.0,Виноградний,Печерський
48000.0,1.0,849.0,22.0,25.0,2009.0,55.0,40.0,10.0,5.0,Кайсарова,"Голосіївський,Солом'янський"
70000.0,1.0,1273.0,26.0,27.0,2004.0,55.0,22.0,12.0,21.0,Ахматової,Оболонський
75000.0,3.0,1005.0,4.0,26.0,2009.0,66.0,37.0,14.0,15.0,Радченка,Оболонський
84000.0,2.0,1273.0,6.0,26.0,2009.0,66.0,37.0,18.0,11.0,Дніпровська,Оболонський
175000.0,1.0,1725.8,7.0,25.0,2012.0,70.0,37.0,14.0,19.0,Ділова,"Голосіївський, Печерський"
63000.0,3.0,900.0,7.0,10.0,1987.0,70.0,44.0,14.0,12.0,Бориспільська,Дарницький
390000.0,3.0,3000.0,11.0,28.0,2013.0,130.0,48.0,66.0,16.0,Болсуновська,Печерський
335000.0,3.0,3160.0,24.0,28.0,2017.0,106.0,55.0,24.0,27.0,Українки,Голосіївський
320000.0,3.0,3137.0,15.0,24.0,2016.0,102.0,70.0,20.0,12.0,Антонова,Голосіївський
118000.0,2.0,1311.0,15.0,25.0,1959.0,90.0,41.0,13.0,36.0,Науки,Голосіївський
159990.0,4.0,1437.0,6.0,10.0,2016.0,60.0,37.0,30.0,0.0,Метрологічна,Голосіївський
85000.0,3.0,1417.0,2.0,5.0,1961.0,60.0,44.0,6.0,10.0,Дружби Народів,Печерський
155022.2,1.0,2541.3,8.0,18.0,2009.0,61.0,37.0,14.0,10.0,Драгомирова,Голосіївський
590000.0,3.0,5900.0,8.0,18.0,2009.0,100.0,37.0,14.0,49.0,Драгомирова,Голосіївський
84000.0,2.0,1333.0,2.0,16.0,2016.0,63.0,32.0,15.0,16.0,Данченка,Голосіївський
35000.0,2.0,778.0,1.0,2.0,2009.0,45.0,37.0,14.0,0.0,Кримська,Голосіївський
63000.0,2.0,969.0,4.0,25.0,2009.0,65.0,31.0,13.0,21.0,Новопольова,Солом'янський
40000.0,2.0,870.0,3.0,5.0,1963.0,46.0,30.0,8.0,8.0,Туполєва,Оболонський
42654.8,1.0,1375.9,8.0,18.0,2009.0,31.0,37.0,14.0,0.0,Дніпровська,Оболонський
60000.0,1.0,1463.0,2.0,26.0,2009.0,41.0,37.0,14.0,0.0,Дніпровська,Оболонський
130000.0,2.0,1625.0,6.0,25.0,2010.0,80.0,37.0,14.0,29.0,Перемоги,Шевченківський
346500.0,2.0,4500.0,7.0,24.0,2019.0,77.0,38.0,20.0,19.0,Івана Федорова,"Деснянський, Дніпровський"
46998.0,2.0,1000.0,5.0,5.0,1968.0,47.0,35.0,8.0,4.0,Братиславська,"Деснянський, Дніпровський"
10092.1,1.0,672.8,8.0,18.0,2009.0,15.0,37.0,14.0,0.0,Червоноткацька,Дарницький
29256.6,1.0,978.5,1.0,5.0,2009.0,47.0,37.0,14.0,0.0,Червоноткацька,Дарницький
166000.0,1.0,3532.0,2.0,9.0,2009.0,47.0,22.0,16.0,9.0,Златоустівська,Дарницький
115000.0,4.0,1369.0,5.0,9.0,1970.0,84.0,35.0,9.0,40.0,Бойченка,Дарницький
298000.0,3.0,2249.0,11.0,23.0,2016.0,31.0,37.0,14.0,0.0,Трускавецька,Дарницький
43100.0,1.0,1390.0,8.0,26.0,2018.0,31.0,16.0,5.0,10.0,Каховська,Дніпровський
179900.0,4.0,1475.0,19.0,27.0,2010.0,122.0,37.0,14.0,71.0,Лобановського,Голосіївський
96255.3,1.0,1504.0,8.0,18.0,2009.0,64.0,37.0,14.0,13.0,Курчатова,Голосіївський
56500.0,3.0,926.0,6.0,9.0,1970.0,61.0,40.0,7.0,14.0,Курчатова,Голосіївський
110000.0,1.0,1930.0,19.0,25.0,2008.0,57.0,37.0,14.0,6.0,Голосіївська,Голосіївський
47000.0,1.0,1146.0,5.0,16.0,1990.0,41.0,10.0,16.0,15.0,Тираспольська,Подільський
90000.0,2.0,2195.0,1.0,9.0,2009.0,41.0,28.0,6.0,7.0,Лаврська,Печерський
44980.0,1.0,1249.0,19.0,25.0,2017.0,36.0,16.0,14.0,6.0,Правди,Подільський
58000.0,4.0,921.0,5.0,9.0,1968.0,63.0,40.0,7.0,16.0,Миколайчука,Оболонський
63000.0,3.0,863.0,5.0,9.0,1982.0,73.0,41.0,9.0,23.0,Порика,Оболонський
136000.0,1.0,3022.0,6.0,23.0,2015.0,45.0,15.0,17.0,13.0,Маккейна,Оболонський
73860.0,2.0,1319.0,5.0,9.0,2009.0,56.0,30.0,9.0,17.0,Йорданська,Оболонський
160000.0,2.0,2712.0,18.0,24.0,2019.0,59.0,37.0,20.0,2.0,Тютюнника,Дніпровський
135000.0,3.0,1588.0,8.0,10.0,2015.0,85.0,49.0,12.0,24.0,Регенераторна,Дніпровський
120000.0,1.0,2400.0,12.0,23.0,2015.0,50.0,18.0,15.0,17.0,Зарічна,Дарницький
58990.0,1.0,1450.0,3.0,34.0,2009.0,85.0,16.0,10.0,59.0,Заболотного,"Дніпровський, Деснянський"
90000.0,4.0,1059.0,4.0,10.0,1994.0,85.0,37.0,14.0,34.0,Курнатовського,"Дніпровський, Деснянський"
187000.0,3.0,1550.0,2.0,5.0,1934.0,72.0,37.0,14.0,21.0,Інститутська,Печерський
88000.0,2.0,1222.0,16.0,25.0,2020.0,72.0,37.0,15.0,20.0,Маланюка,Печерський
102000.0,2.0,1619.0,10.0,16.0,2019.0,63.0,26.0,22.0,15.0,Гречка,Печерський
110000.0,1.0,1833.0,14.0,24.0,2018.0,60.0,21.0,15.0,24.0,Липківського,Печерський
160000.0,2.0,3077.0,3.0,24.0,2015.0,52.0,13.0,18.0,21.0,Маккейна,Печерський
225000.0,5.0,1500.0,23.0,24.0,2008.0,150.0,78.0,18.0,54.0,Григоренка,Печерський
75000.0,2.0,1562.0,4.0,9.0,1966.0,48.0,30.0,7.0,11.0,Коновальця,Печерський
59860.0,3.0,798.0,3.0,9.0,2009.0,75.0,40.0,9.0,26.0,Закревського,Печерський
43161.0,2.0,732.0,13.0,18.0,2009.0,59.0,30.0,16.0,13.0,Старонаводницька,Печерський
140000.0,2.0,1842.0,13.0,18.0,1991.0,76.0,39.0,14.0,23.0,Старонаводницька,Печерський
78000.0,1.0,1418.0,7.0,26.0,2009.0,55.0,15.0,18.0,22.0,Маланюка,Печерський
230000.0,2.0,2771.0,6.0,7.0,1915.0,83.0,45.0,11.0,27.0,Заньковецької,Печерський
178000.0,2.0,2373.0,2.0,16.0,2009.0,75.0,37.0,21.0,17.0,Кудрявська,Шевченківський
63000.0,3.0,900.0,23.0,23.0,2009.0,70.0,35.0,14.0,21.0,Українки,Деснянський
495000.0,3.0,4420.0,11.0,32.0,2017.0,112.0,45.0,54.0,13.0,Українки,Деснянський
45900.0,2.0,478.0,31.0,34.0,2009.0,96.0,62.0,16.0,18.0,Милославська,Деснянський
33000.0,1.0,1000.0,14.0,24.0,2009.0,33.0,16.0,5.0,12.0,Милославська,Деснянський
66500.0,3.0,1147.0,3.0,5.0,1961.0,58.0,42.0,7.0,9.0,Донця,Оболонський
119900.0,3.0,1462.0,8.0,12.0,2002.0,82.0,48.0,14.0,20.0,Верховинця,Оболонський
145000.0,4.0,1381.0,1.0,9.0,1977.0,105.0,80.0,12.0,13.0,Героїв Дніпра,Оболонський
118000.0,3.0,1494.0,17.0,25.0,2018.0,79.0,36.0,35.0,8.0,Каховська,Дніпровський
41000.0,1.0,1323.0,21.0,26.0,2018.0,31.0,12.0,8.0,11.0,Каховська,Дніпровський
59899.0,2.0,1070.0,8.0,10.0,1995.0,56.0,34.0,8.0,14.0,Вишняківська,Дарницький
177000.0,2.0,2565.0,3.0,4.0,2009.0,69.0,41.0,8.0,20.0,Липська,Дарницький
63000.0,1.0,1286.0,11.0,25.0,2019.0,49.0,16.0,16.0,17.0,Сверстюка,Дарницький
499000.0,3.0,4229.0,8.0,18.0,2009.0,118.0,37.0,14.0,67.0,Драгомирова,Дарницький
49500.0,1.0,1269.0,19.0,26.0,2009.0,39.0,17.0,11.0,11.0,Причальна,Дарницький
275000.0,2.0,4435.0,22.0,28.0,2013.0,62.0,30.0,20.0,12.0,Болсуновська,Печерський
93000.0,3.0,1336.0,13.0,14.0,1994.0,67.0,48.0,14.0,5.0,Повітрофлотський,"Шевченківський, Солом'янський"
87500.0,2.0,1306.0,20.0,25.0,2015.0,67.0,37.0,14.0,16.0,Драгоманова,Дарницький
110000.0,3.0,1325.0,4.0,24.0,2008.0,83.0,37.0,30.0,16.0,Григоренка,Оболонський
900000.0,4.0,3600.0,23.0,24.0,2012.0,250.0,37.0,14.0,199.0,Дніпровська,Оболонський
86000.0,1.0,2205.0,3.0,8.0,2014.0,39.0,37.0,14.0,0.0,Жабаєва,Подільський
335000.0,3.0,2577.0,9.0,14.0,2014.0,130.0,60.0,60.0,10.0,Філатова,Подільський
67000.0,2.0,971.0,3.0,26.0,2021.0,69.0,25.0,21.0,23.0,Правди,Подільський
90000.0,2.0,1800.0,4.0,4.0,1896.0,50.0,37.0,6.0,7.0,Малопідвальна,Шевченківський
101500.0,1.0,2307.0,8.0,11.0,2009.0,44.0,22.0,13.0,9.0,Бойчука,Дарницький
104000.0,3.0,1169.0,18.0,26.0,2009.0,89.0,37.0,40.0,12.0,Зарічна,Дарницький
190000.0,2.0,3167.0,9.0,21.0,2017.0,60.0,37.0,25.0,0.0,Предславинська,Печерський
3600000.0,6.0,8000.0,25.0,25.0,2011.0,450.0,288.0,45.0,117.0,Івана Мазепи,Печерський
63000.0,2.0,1033.0,10.0,26.0,2009.0,61.0,28.0,12.0,21.0,Радченка,Печерський
680000.0,7.0,2369.0,21.0,21.0,2010.0,287.0,177.0,14.0,96.0,Лабораторний,Печерський
139000.0,2.0,1829.0,20.0,21.0,2018.0,76.0,31.0,19.0,26.0,Конєва,Оболонський
347700.0,4.0,1900.0,4.0,25.0,2011.0,183.0,100.0,17.0,66.0,Шаповала,Оболонський
85000.0,2.0,1328.0,4.0,24.0,2009.0,64.0,30.0,20.0,14.0,Дніпровська,Оболонський
35600.0,1.0,989.0,10.0,26.0,2009.0,36.0,15.0,12.0,9.0,Клеманська,Дарницький
85000.0,3.0,1133.0,9.0,15.0,1999.0,75.0,42.0,8.0,25.0,Григоренка,Печерський
46000.0,1.0,1022.0,4.0,5.0,1963.0,45.0,37.0,10.0,0.0,Туполєва,Печерський
125000.0,2.0,2358.0,3.0,4.0,1860.0,53.0,42.0,5.0,6.0,Хмельницького,Печерський
530000.0,3.0,3926.0,4.0,15.0,2017.0,135.0,50.0,40.0,45.0,Саперне Поле,Печерський
229000.0,3.0,2140.0,7.0,25.0,2007.0,107.0,50.0,14.0,43.0,Героїв Сталінграда,Оболонський
117000.0,3.0,1401.0,14.0,26.0,2009.0,55.0,37.0,14.0,4.0,Дніпровська,Оболонський
110000.0,2.0,2000.0,3.0,9.0,1971.0,55.0,37.0,14.0,4.0,Тарасівська,Голосіївський
92900.0,3.0,1021.0,4.0,5.0,1956.0,91.0,56.0,11.0,24.0,Краківська,Дніпровський
77500.0,1.0,1845.0,5.0,9.0,2018.0,42.0,17.0,15.0,10.0,Юнацька,Святошинський
40500.0,1.0,1067.0,4.0,26.0,2009.0,93.0,37.0,14.0,42.0,Клеманська,Дарницький
136000.0,3.0,1462.0,2.0,16.0,1998.0,93.0,50.0,28.0,15.0,Героїв Сталінграда,Оболонський
220000.0,2.0,2619.0,3.0,8.0,1948.0,84.0,52.0,13.0,19.0,Драгоманова,Дарницький
125000.0,3.0,1147.0,23.0,26.0,2011.0,109.0,83.0,16.0,10.0,Драгоманова,Дарницький
100000.0,2.0,1818.0,8.0,18.0,1958.0,55.0,37.0,14.0,4.0,Українки,Деснянський
80000.0,1.0,2581.0,22.0,25.0,2018.0,31.0,14.0,14.0,3.0,Тимошенка,Деснянський
57000.0,3.0,851.0,5.0,9.0,1985.0,67.0,37.0,14.0,16.0,Маяковського,Деснянський
170000.0,2.0,1932.0,3.0,9.0,2005.0,88.0,44.0,22.0,22.0,Дмитрівська,Шевченківський
59750.0,2.0,996.0,14.0,15.0,1980.0,60.0,53.0,10.0,0.0,Курбаса,Дарницький
42678.6,1.0,1094.3,16.0,16.0,2009.0,39.0,12.0,14.0,13.0,Комарова,Дарницький
92000.0,2.0,1227.0,2.0,25.0,2015.0,75.0,38.0,15.0,22.0,Драгоманова,Дарницький
115000.0,2.0,1597.0,4.0,32.0,2019.0,72.0,37.0,14.0,21.0,Драгомирова,Деснянський
54000.0,1.0,1227.0,18.0,25.0,2019.0,44.0,37.0,14.0,0.0,Моторний,Деснянський
45500.0,1.0,929.0,2.0,9.0,1995.0,49.0,14.0,24.0,11.0,Милославська,Деснянський
91500.0,1.0,2288.0,11.0,11.0,2020.0,40.0,20.0,12.0,8.0,Бойчука,"Деснянський, Дніпровський"
60500.0,3.0,818.0,4.0,9.0,1990.0,74.0,37.0,14.0,23.0,Закревського,"Деснянський, Дніпровський"
250000.0,1.0,4630.0,7.0,25.0,2019.0,54.0,15.0,20.0,19.0,Івана Федорова,"Деснянський, Дніпровський"
78000.0,2.0,1773.0,3.0,9.0,1966.0,44.0,37.0,14.0,0.0,Філатова,"Деснянський, Дніпровський"
84999.0,4.0,885.0,7.0,16.0,1986.0,96.0,37.0,13.0,46.0,Миропільська,"Деснянський, Дніпровський"
83000.0,3.0,856.0,1.0,22.0,2007.0,97.0,65.0,14.0,18.0,Григоренка,Святошинський
129999.0,2.0,2063.0,6.0,9.0,2018.0,63.0,30.0,15.0,18.0,Юнацька,Святошинський
70000.0,3.0,729.0,4.0,4.0,1946.0,96.0,37.0,14.0,45.0,Вишгородська,"Подільський, Оболонський"
36000.0,1.0,1200.0,5.0,9.0,2009.0,30.0,13.0,10.0,7.0,Жолудєва,Святошинський
210000.0,3.0,1409.0,7.0,12.0,2001.0,149.0,87.0,16.0,46.0,Павлівська,Шевченківський
85900.0,3.0,1263.0,6.0,8.0,1964.0,68.0,47.0,6.0,15.0,Голосіївський,Голосіївський
108000.0,1.0,2160.0,2.0,25.0,2019.0,50.0,30.0,10.0,10.0,Осокорська,Дарницький
120000.0,3.0,1395.0,10.0,24.0,2009.0,86.0,40.0,17.0,29.0,Вишгородська,"Подільський, Оболонський"
221000.0,2.0,3400.0,8.0,10.0,2009.0,65.0,37.0,14.0,14.0,Драгомирова,Оболонський
60000.0,1.0,1818.0,5.0,5.0,1962.0,33.0,37.0,16.0,0.0,Тютюнника,Оболонський
165000.0,2.0,2845.0,6.0,24.0,2015.0,58.0,25.0,22.0,11.0,Маккейна,Оболонський
200000.0,5.0,1481.0,4.0,4.0,1917.0,135.0,37.0,14.0,84.0,Івана Мазепи,Оболонський
145000.0,2.0,1933.0,5.0,24.0,2007.0,75.0,44.0,14.0,17.0,Героїв Сталінграда,Оболонський
199000.0,3.0,2488.0,2.0,25.0,2018.0,80.0,33.0,22.0,25.0,Липківського,Святошинський
186117.4,1.0,3579.2,8.0,18.0,2009.0,52.0,37.0,14.0,1.0,Коновальця,Святошинський
199000.0,2.0,2073.0,10.0,25.0,2005.0,96.0,43.0,16.0,37.0,Коновальця,Святошинський
50700.0,1.0,1300.0,6.0,14.0,2019.0,39.0,25.0,8.0,6.0,Максимовича,Святошинський
185000.0,2.0,2256.0,5.0,21.0,2015.0,82.0,61.0,12.0,9.0,Зарічна,Дарницький
152000.0,2.0,1667.0,24.0,25.0,2008.0,56.0,41.0,14.0,1.0,Голосіївська,Голосіївський
92000.0,3.0,965.0,1.0,25.0,2009.0,56.0,48.0,16.0,0.0,Ясинуватський,Голосіївський
49387.4,1.0,881.9,8.0,18.0,2009.0,56.0,37.0,14.0,5.0,Колоса,Подільський
56500.0,1.0,1749.0,5.0,7.0,2019.0,38.0,21.0,5.0,12.0,Колоса,Подільський
80000.0,1.0,2105.0,11.0,21.0,2017.0,38.0,12.0,15.0,11.0,Правди,Подільський
480000.0,4.0,2609.0,5.0,6.0,1915.0,184.0,108.0,34.0,42.0,Велика Васильківська,"Голосіївський, Шевченківський, Печерський"
59000.0,2.0,1157.0,2.0,12.0,1981.0,51.0,37.0,14.0,0.0,Голосіївський,Голосіївський
149632.1,1.0,3183.6,8.0,18.0,2009.0,47.0,37.0,14.0,0.0,Бойчука,Дніпровський
147075.0,2.0,2228.0,9.0,11.0,2009.0,66.0,37.0,14.0,15.0,Бойчука,Дніпровський
86860.0,2.0,905.0,10.0,10.0,2017.0,96.0,44.0,23.0,29.0,Центральна,Дніпровський
97000.0,2.0,1260.0,16.0,22.0,2018.0,77.0,37.0,14.0,26.0,Ясинуватський,Голосіївський
55000.0,2.0,1222.0,13.0,16.0,1980.0,45.0,37.0,11.0,0.0,Райдужна,Дніпровський
138000.0,2.0,1811.0,3.0,15.0,2014.0,37.0,37.0,14.0,0.0,Ломоносова,Голосіївський
105000.0,2.0,1504.0,4.0,25.0,2014.0,37.0,37.0,14.0,0.0,Гусовського,Печерський
66016.1,1.0,1784.2,8.0,18.0,2009.0,37.0,37.0,14.0,0.0,Гусовського,Печерський
284000.0,2.0,2812.0,7.0,11.0,2004.0,101.0,37.0,14.0,50.0,Гусовського,Печерський
155000.0,3.0,1550.0,13.0,23.0,2006.0,100.0,37.0,14.0,49.0,Окіпної,Шевченківський
49899.0,1.0,1386.0,1.0,9.0,1978.0,36.0,18.0,7.0,11.0,Багговутівська,Шевченківський
95000.0,2.0,1696.0,9.0,9.0,1966.0,56.0,34.0,8.0,14.0,Дружби Народів,Печерський
380000.0,3.0,3585.0,9.0,21.0,2019.0,106.0,37.0,14.0,55.0,Маккейна,Солом'янський
46000.0,2.0,913.0,1.0,4.0,2009.0,40.0,30.0,12.0,0.0,Маланюка,Солом'янський
60150.0,1.0,1504.0,21.0,26.0,2009.0,40.0,14.0,20.0,6.0,Михайла Котельникова,Солом'янський
185000.0,3.0,1745.0,8.0,25.0,2016.0,106.0,37.0,38.0,31.0,Героїв Севастополя,Солом'янський
81000.0,2.0,964.0,18.0,26.0,2020.0,84.0,37.0,17.0,30.0,Маланюка,Печерський
620000.0,3.0,4769.0,4.0,15.0,2017.0,130.0,66.0,16.0,48.0,Саперне Поле,Печерський
48700.0,1.0,991.0,19.0,25.0,2009.0,117.0,37.0,14.0,66.0,Балтійський,Оболонський
234000.0,3.0,2000.0,7.0,15.0,2009.0,117.0,76.0,12.0,29.0,Кудрявська,Шевченківський
135000.0,2.0,2523.0,28.0,34.0,2018.0,50.0,37.0,14.0,0.0,Перемоги,Шевченківський
130000.0,2.0,2600.0,1.0,5.0,1964.0,50.0,37.0,12.0,1.0,Німанська,Печерський
54100.0,1.0,1339.0,4.0,26.0,2018.0,79.0,37.0,14.0,28.0,Каховська,Дніпровський
239000.0,3.0,3025.0,3.0,7.0,1954.0,79.0,44.0,13.0,22.0,Малопідвальна,Шевченківський
140000.0,2.0,2188.0,10.0,14.0,2009.0,64.0,34.0,15.0,15.0,Невська,Святошинський
128000.0,2.0,2612.0,5.0,14.0,2015.0,49.0,14.0,17.0,18.0,Златоустівська,Святошинський
31000.0,1.0,1107.0,9.0,9.0,1986.0,28.0,13.0,6.0,9.0,Берковецька,Святошинський
41187.0,1.0,936.0,3.0,13.0,2009.0,44.0,19.0,11.0,14.0,Берковецька,Святошинський
120000.0,3.0,1188.0,11.0,16.0,1998.0,101.0,37.0,14.0,50.0,Бажана,"Голосіївський, Печерський"
740000.0,1.0,2772.0,20.0,24.0,2019.0,267.0,150.0,75.0,42.0,Антоновича,"Голосіївський, Печерський"
180000.0,3.0,2400.0,3.0,8.0,1990.0,75.0,41.0,9.0,25.0,Гречка,Дніпровський
63000.0,3.0,900.0,1.0,9.0,1973.0,70.0,41.0,8.0,21.0,Гречка,Дніпровський
126000.0,2.0,1658.0,15.0,32.0,2020.0,76.0,41.0,14.0,21.0,Микільсько-Слобідська,Дніпровський
80000.0,2.0,1067.0,6.0,26.0,2009.0,75.0,27.0,21.0,27.0,Правди,Подільський
98000.0,1.0,1750.0,8.0,18.0,2018.0,56.0,22.0,19.0,15.0,Тимошенка,Святошинський
150000.0,2.0,1807.0,16.0,23.0,2003.0,83.0,37.0,14.0,32.0,Павла Тичини,Святошинський
100000.0,3.0,1000.0,8.0,17.0,2003.0,100.0,64.0,14.0,22.0,Олевська,Святошинський
120000.0,3.0,1237.0,2.0,21.0,2016.0,97.0,52.0,20.0,25.0,Освіти,Солом'янський
41000.0,1.0,1464.0,9.0,9.0,1969.0,28.0,17.0,5.0,6.0,Іллєнка,Оболонський
135000.0,1.0,1552.0,15.0,22.0,2012.0,87.0,15.0,40.0,32.0,Дніпровська,Оболонський
155000.0,3.0,1742.0,4.0,4.0,1917.0,89.0,37.0,13.0,39.0,Івана Мазепи,Дніпровський
90000.0,3.0,1286.0,5.0,16.0,1974.0,70.0,46.0,7.0,17.0,Українки,Дніпровський
132000.0,2.0,1347.0,1.0,6.0,2016.0,98.0,32.0,18.0,48.0,Данченка,Дніпровський
230000.0,2.0,4600.0,8.0,18.0,2009.0,50.0,37.0,14.0,0.0,Драгомирова,Дніпровський
185000.0,3.0,2011.0,18.0,25.0,2017.0,92.0,37.0,14.0,41.0,Тбіліський,Дніпровський
70500.0,2.0,1203.0,20.0,26.0,2020.0,113.0,28.0,14.0,71.0,Каховська,Дніпровський
87000.0,3.0,915.0,9.0,19.0,2019.0,113.0,52.0,14.0,47.0,Ушинського,Солом'янський
185000.0,3.0,1637.0,8.0,24.0,2007.0,113.0,37.0,14.0,62.0,Урлівська,Дарницький
49860.0,2.0,997.0,2.0,9.0,1974.0,50.0,30.0,6.0,14.0,Світлицького,Подільський
100000.0,2.0,1408.0,15.0,23.0,2007.0,71.0,30.0,12.0,29.0,Дніпровська,Оболонський
90000.0,1.0,1800.0,3.0,25.0,2009.0,50.0,25.0,14.0,11.0,Липківського,Дніпровський
152000.0,2.0,1949.0,14.0,30.0,2020.0,78.0,37.0,12.0,29.0,Микільсько-Слобідська,Дніпровський
159900.0,3.0,1259.0,15.0,25.0,2007.0,127.0,77.0,14.0,36.0,Лобановського,Оболонський
280000.0,3.0,2137.0,8.0,9.0,2005.0,131.0,75.0,25.0,31.0,Героїв Сталінграда,Оболонський
85000.0,1.0,1545.0,6.0,25.0,2007.0,55.0,24.0,13.0,18.0,Дніпровська,Оболонський
67000.0,2.0,1098.0,13.0,15.0,1994.0,61.0,31.0,9.0,21.0,Драгоманова,Дарницький
59000.0,1.0,1224.0,16.0,25.0,2010.0,90.0,37.0,14.0,39.0,Ахматової,Печерський
420000.0,2.0,4667.0,5.0,18.0,2017.0,90.0,37.0,14.0,39.0,Саперне Поле,Печерський
65000.0,2.0,1048.0,15.0,17.0,2018.0,62.0,34.0,12.0,16.0,Данченка,Голосіївський
63000.0,3.0,1125.0,5.0,5.0,1965.0,56.0,42.0,6.0,8.0,Голосіївський,Голосіївський
95000.0,1.0,2568.0,5.0,11.0,1967.0,37.0,22.0,7.0,8.0,Глибочицька,Шевченківський
100000.0,2.0,1562.0,8.0,20.0,2009.0,64.0,31.0,18.0,15.0,Глибочицька,Шевченківський
165000.0,4.0,1213.0,11.0,12.0,2019.0,136.0,100.0,30.0,6.0,Багговутівська,Шевченківський
150000.0,3.0,2239.0,3.0,5.0,1917.0,67.0,42.0,14.0,11.0,Саксаганського,"Голосіївський, Печерський, Шевченківський"
64000.0,2.0,914.0,7.0,25.0,2009.0,70.0,36.0,10.0,24.0,Моторний,Печерський
295000.0,2.0,4275.0,5.0,15.0,2019.0,69.0,49.0,20.0,0.0,Саперне Поле,Печерський
55000.0,1.0,965.0,10.0,25.0,2018.0,57.0,20.0,16.0,21.0,Вернадського,Шевченківський
79900.0,3.0,1051.0,7.0,10.0,1997.0,76.0,40.0,12.0,24.0,Курбаса,Шевченківський
100000.0,1.0,2273.0,3.0,11.0,2019.0,44.0,37.0,10.0,0.0,Багговутівська,Шевченківський
122000.0,2.0,1679.0,4.0,9.0,2009.0,75.0,37.0,14.0,24.0,Набережно-Рибальська,Подільський
145000.0,2.0,1933.0,4.0,4.0,1899.0,75.0,42.0,10.0,23.0,Саксаганського,"Голосіївський, Печерський, Шевченківський"
133000.0,3.0,1385.0,20.0,25.0,2015.0,96.0,50.0,16.0,30.0,Малиновського,Солом'янський
143000.0,3.0,1486.0,4.0,9.0,2011.0,45.0,40.0,30.0,0.0,Протасів Яр,Солом'янський
62000.0,2.0,1378.0,2.0,5.0,1968.0,45.0,30.0,7.0,8.0,Німанська,Печерський
95000.0,3.0,1397.0,3.0,9.0,2009.0,68.0,40.0,8.0,20.0,Підвисоцького,Святошинський
38000.0,1.0,1152.0,4.0,9.0,1970.0,33.0,17.0,8.0,8.0,Зодчих,Святошинський
52500.0,2.0,1050.0,9.0,9.0,1973.0,50.0,30.0,14.0,6.0,Рокосовського,Печерський
229000.0,2.0,3181.0,5.0,6.0,1935.0,72.0,42.0,10.0,20.0,Шовковична,Печерський
62000.0,1.0,1550.0,7.0,26.0,2017.0,40.0,17.0,11.0,12.0,Крушельницької,Солом'янський
70000.0,2.0,1006.0,23.0,25.0,2009.0,40.0,37.0,14.0,0.0,Новопольова,Солом'янський
45000.0,1.0,1125.0,11.0,26.0,2009.0,40.0,17.0,10.0,13.0,Визволителів,Дніпровський
70000.0,3.0,875.0,5.0,6.0,2009.0,80.0,54.0,8.0,18.0,Сонячна,Шевченківський
158000.0,2.0,2135.0,24.0,25.0,2014.0,74.0,38.0,15.0,21.0,Сікорського,Шевченківський
58900.0,2.0,950.0,14.0,25.0,2009.0,62.0,37.0,12.0,13.0,Радченка,Шевченківський
104700.0,1.0,2380.0,14.0,19.0,2020.0,44.0,18.0,11.0,15.0,Бульварно-Кудрявська,Шевченківський
37000.0,1.0,925.0,11.0,25.0,2009.0,40.0,37.0,10.0,0.0,Кайсарова,"Голосіївський,Солом'янський"
46000.0,3.0,767.0,1.0,5.0,1965.0,60.0,40.0,8.0,12.0,Перова,Дніпровський
150000.0,3.0,1500.0,4.0,25.0,2016.0,100.0,53.0,15.0,32.0,Глушкова,Голосіївський
120000.0,2.0,1379.0,20.0,25.0,2013.0,87.0,40.0,20.0,27.0,Саперно-Слобідська,Голосіївський
38000.0,1.0,1118.0,4.0,9.0,1979.0,34.0,18.0,7.0,9.0,Миколи Кибальчича,"Голосіївський, Печерський"
45000.0,3.0,750.0,9.0,9.0,1980.0,60.0,40.0,7.0,13.0,Миколи Ушакова,"Голосіївський, Печерський"
250000.0,3.0,1538.0,10.0,22.0,2001.0,106.0,50.0,20.0,36.0,Антоновича,"Голосіївський, Печерський"
185000.0,3.0,1745.0,18.0,25.0,2014.0,106.0,37.0,14.0,55.0,Богданівська,Солом'янський
68000.0,2.0,1030.0,10.0,26.0,2020.0,66.0,27.0,24.0,15.0,Сверстюка,Дарницький
57000.0,1.0,1295.0,9.0,25.0,2019.0,44.0,37.0,16.0,0.0,Сверстюка,Дарницький
52500.0,2.0,721.0,7.0,25.0,2021.0,130.0,30.0,18.0,82.0,Ревуцького,Дарницький
250000.0,4.0,1923.0,7.0,22.0,2010.0,130.0,50.0,50.0,30.0,Ованеса Туманяна,Печерський
540000.0,4.0,4000.0,4.0,14.0,2019.0,135.0,37.0,14.0,84.0,Саперне Поле,Печерський
120000.0,3.0,945.0,12.0,16.0,1997.0,127.0,37.0,14.0,76.0,Григоренка,Оболонський
55999.0,1.0,1400.0,13.0,14.0,2020.0,40.0,22.0,6.0,12.0,Гречка,Оболонський
68800.0,3.0,1110.0,2.0,12.0,1977.0,62.0,40.0,8.0,14.0,Богатирська,Оболонський
120000.0,2.0,2400.0,19.0,22.0,2009.0,50.0,37.0,14.0,0.0,Білоруська,Шевченківський
94000.0,1.0,2043.0,1.0,9.0,2009.0,46.0,37.0,14.0,0.0,Регенераторна,Дніпровський
65500.0,1.0,1770.0,20.0,27.0,2019.0,37.0,14.0,9.0,14.0,Вишняківська,Дарницький
50000.0,2.0,1087.0,16.0,16.0,1982.0,46.0,26.0,8.0,12.0,Гонгадзе,Подільський
52500.0,1.0,1117.0,15.0,25.0,2019.0,47.0,15.0,18.0,14.0,Правди,Подільський
64980.0,4.0,812.0,4.0,9.0,1969.0,80.0,56.0,7.0,17.0,Кольцова,Святошинський
115000.0,2.0,1643.0,13.0,17.0,2014.0,70.0,32.0,12.0,26.0,Воскресенська,Дніпровський
200000.0,2.0,2564.0,14.0,20.0,2005.0,78.0,38.0,19.0,21.0,Руставелі,Голосіївський
484000.0,2.0,3569.0,2.0,24.0,2010.0,45.0,37.0,14.0,0.0,Голосіївський,Голосіївський
79000.0,1.0,1775.0,5.0,18.0,2015.0,45.0,37.0,15.0,0.0,Комбінатна,Дніпровський
45000.0,2.0,1000.0,5.0,5.0,1960.0,45.0,31.0,6.0,8.0,Салютна,Шевченківський
91999.0,3.0,1000.0,1.0,5.0,1958.0,92.0,48.0,27.0,17.0,Ромоданова,Печерський
128000.0,1.0,2510.0,2.0,9.0,2015.0,51.0,15.0,25.0,11.0,Саперне Поле,Печерський
38700.0,1.0,900.0,18.0,25.0,2009.0,43.0,15.0,16.0,12.0,Сім’ї Кульженків,"Голосіївський, Печерський"
95000.0,2.0,1557.0,3.0,5.0,1960.0,61.0,37.0,14.0,10.0,Лабораторна,"Голосіївський, Печерський"
77000.0,1.0,1426.0,16.0,24.0,2015.0,54.0,22.0,11.0,21.0,Драгоманова,Дарницький
52990.0,1.0,1162.0,7.0,22.0,2009.0,140.0,19.0,20.0,101.0,Кудрявська,Шевченківський
330000.0,3.0,2357.0,2.0,9.0,2000.0,140.0,37.0,14.0,89.0,Кудрявська,Шевченківський
83000.0,2.0,1107.0,10.0,26.0,2019.0,75.0,30.0,27.0,18.0,Краківська,Дніпровський
105000.0,2.0,1721.0,12.0,12.0,2008.0,61.0,27.0,26.0,8.0,Кольцова,Святошинський
225000.0,2.0,4500.0,8.0,23.0,2019.0,50.0,37.0,14.0,0.0,Антоновича,"Голосіївський, Печерський"
62000.0,2.0,954.0,3.0,19.0,2001.0,65.0,37.0,14.0,14.0,Лариси Руденко,Оболонський
90000.0,4.0,811.0,1.0,14.0,2008.0,111.0,72.0,12.0,27.0,Івана Пулюя,Оболонський
215000.0,3.0,2389.0,2.0,5.0,1959.0,90.0,40.0,10.0,40.0,Українки,Оболонський
137000.0,3.0,1575.0,1.0,9.0,1970.0,87.0,59.0,13.0,15.0,Тютюнника,Оболонський
36000.0,1.0,1000.0,9.0,9.0,1980.0,36.0,19.0,7.0,10.0,Юрія Смолича,Оболонський
195000.0,4.0,1931.0,6.0,24.0,2014.0,101.0,70.0,15.0,16.0,Оболонський,Оболонський
60000.0,3.0,882.0,7.0,16.0,1975.0,68.0,44.0,8.0,16.0,Курбаса,Оболонський
87000.0,2.0,1338.0,16.0,17.0,2002.0,65.0,37.0,13.0,15.0,Верховинця,Оболонський
210000.0,2.0,2442.0,9.0,23.0,2012.0,86.0,42.0,21.0,23.0,Дніпровська,Оболонський
135000.0,2.0,1776.0,11.0,25.0,2011.0,76.0,45.0,12.0,19.0,Коломийський,Голосіївський
84000.0,3.0,944.0,8.0,26.0,2009.0,89.0,43.0,18.0,28.0,Правди,Подільський
160000.0,3.0,2000.0,21.0,25.0,2018.0,80.0,37.0,14.0,29.0,Каховська,Дніпровський
292000.0,3.0,2454.0,10.0,11.0,2009.0,119.0,37.0,17.0,65.0,Бойчука,Подільський
53000.0,1.0,1104.0,8.0,25.0,2009.0,48.0,14.0,19.0,15.0,Правди,Подільський
115000.0,1.0,2738.0,6.0,24.0,2019.0,42.0,37.0,14.0,0.0,Маккейна,Шевченківський
90900.0,1.0,1748.0,14.0,36.0,2009.0,52.0,37.0,14.0,1.0,Перемоги,Шевченківський
2100000.0,3.0,7292.0,7.0,11.0,2007.0,288.0,150.0,35.0,103.0,Грушевського,Дарницький
980000.0,6.0,2761.0,7.0,7.0,2010.0,355.0,320.0,33.0,2.0,Срібнокільська,Дарницький
91260.0,1.0,1738.0,29.0,36.0,2009.0,75.0,17.0,14.0,44.0,Перемоги,Шевченківський
118000.0,2.0,1573.0,16.0,22.0,2010.0,75.0,32.0,12.0,31.0,Урлівська,Дарницький
84100.0,2.0,1294.0,22.0,32.0,2009.0,65.0,34.0,14.0,17.0,Заболотного,Святошинський
79700.0,1.0,2952.0,23.0,23.0,2012.0,27.0,15.0,5.0,7.0,Максимовича,Святошинський
220000.0,4.0,1746.0,16.0,23.0,2004.0,126.0,80.0,14.0,32.0,Бажана,Оболонський
155000.0,2.0,2214.0,9.0,10.0,2014.0,70.0,37.0,14.0,19.0,Сікорського,Оболонський
40000.0,1.0,1176.0,10.0,16.0,1973.0,34.0,37.0,8.0,0.0,Курбаса,Оболонський
68500.0,1.0,1593.0,11.0,27.0,2009.0,43.0,14.0,16.0,13.0,Дніпровська,Оболонський
720000.0,4.0,4500.0,8.0,18.0,2009.0,160.0,37.0,14.0,109.0,Драгомирова,Деснянський
64000.0,2.0,1231.0,3.0,12.0,1983.0,52.0,30.0,9.0,13.0,Антонова,Деснянський
44000.0,2.0,1023.0,5.0,5.0,1960.0,43.0,27.0,6.0,10.0,Антонова,Деснянський
63000.0,3.0,1086.0,7.0,9.0,2009.0,58.0,40.0,7.0,11.0,Бучми,Деснянський
64500.0,3.0,935.0,7.0,9.0,1970.0,69.0,45.0,10.0,14.0,Кубанської України,Деснянський
249999.0,3.0,2500.0,17.0,25.0,2017.0,100.0,37.0,14.0,49.0,Панельна,Оболонський
270000.0,4.0,1525.0,17.0,25.0,2005.0,177.0,112.0,18.0,47.0,Коновальця,Оболонський
52000.0,1.0,1238.0,4.0,4.0,2009.0,42.0,17.0,14.0,11.0,Богатирська,Оболонський
50000.0,1.0,1562.0,9.0,9.0,1977.0,32.0,17.0,7.0,8.0,Оболонський,Оболонський
465000.0,4.0,3019.0,18.0,25.0,2005.0,154.0,37.0,14.0,103.0,Українки,Подільський
125000.0,3.0,1623.0,3.0,24.0,2015.0,77.0,42.0,14.0,21.0,Бориса Гмирі,Подільський
84000.0,2.0,1000.0,19.0,25.0,2009.0,84.0,37.0,23.0,24.0,Правди,Подільський
69000.0,1.0,1643.0,8.0,10.0,2018.0,42.0,12.0,20.0,10.0,Центральна,Дніпровський
70000.0,2.0,1446.0,6.0,9.0,1968.0,146.0,30.0,8.0,108.0,Преображенська,Солом'янський
260000.0,4.0,1781.0,24.0,24.0,2018.0,146.0,37.0,14.0,95.0,Коновальця,"Голосіївський, Шевченківський, Печерський"
124860.0,2.0,2230.0,5.0,5.0,1959.0,56.0,30.0,9.0,17.0,Українки,"Голосіївський, Шевченківський, Печерський"
135000.0,4.0,1688.0,5.0,5.0,1959.0,80.0,55.0,15.0,10.0,Велика Васильківська,"Голосіївський, Шевченківський, Печерський"
170000.0,3.0,2068.0,4.0,5.0,1910.0,50.0,37.0,14.0,0.0,Велика Васильківська,"Голосіївський, Шевченківський, Печерський"
84000.0,1.0,1680.0,12.0,26.0,2018.0,50.0,16.0,16.0,18.0,Липківського,Голосіївський
612500.0,5.0,2300.0,10.0,11.0,2009.0,37.0,37.0,38.0,0.0,Бойчука,Голосіївський
46500.0,2.0,1257.0,5.0,5.0,1962.0,37.0,22.0,7.0,8.0,Васильківська,Голосіївський
129000.0,3.0,1162.0,21.0,25.0,2007.0,111.0,58.0,14.0,39.0,Данькевича,Оболонський
89332.9,3.0,1146.5,1.0,4.0,2009.0,72.0,37.0,14.0,21.0,Богатирська,Оболонський
99000.0,3.0,1375.0,9.0,10.0,1977.0,72.0,37.0,14.0,21.0,Українки,Печерський
117000.0,3.0,1603.0,9.0,16.0,2009.0,73.0,29.0,11.0,33.0,Гречка,Печерський
1035900.0,5.0,4504.0,4.0,8.0,2016.0,230.0,75.0,78.0,77.0,Редутна,Печерський
132000.0,3.0,1650.0,22.0,24.0,2015.0,80.0,37.0,14.0,29.0,Бориса Гмирі,Подільський
340000.0,3.0,2833.0,2.0,18.0,2010.0,120.0,37.0,20.0,63.0,Драгомирова,Подільський
31000.0,1.0,1192.0,2.0,5.0,1965.0,26.0,37.0,6.0,0.0,Туполєва,Подільський
55000.0,3.0,859.0,1.0,9.0,1971.0,64.0,41.0,14.0,9.0,Кондратюка,Подільський
43000.0,2.0,915.0,1.0,9.0,1971.0,47.0,30.0,7.0,10.0,Мінський,Подільський
235000.0,4.0,1728.0,8.0,24.0,2007.0,136.0,81.0,17.0,38.0,Княжий Затон,Дарницький
105900.0,1.0,1925.0,22.0,26.0,2016.0,55.0,37.0,14.0,4.0,Герцена,Шевченківський
49700.0,1.0,1012.0,19.0,25.0,2020.0,110.0,18.0,18.0,74.0,Балтійський,Оболонський
110000.0,3.0,1000.0,10.0,17.0,2010.0,110.0,61.0,16.0,33.0,Ернста,Голосіївський
275000.0,2.0,3929.0,6.0,25.0,2010.0,70.0,37.0,25.0,8.0,Шаповала,Голосіївський
220000.0,2.0,3607.0,2.0,5.0,2009.0,61.0,30.0,10.0,21.0,Городецького,Голосіївський
30000.0,1.0,602.0,22.0,25.0,2009.0,81.0,37.0,14.0,30.0,Сім'ї Сосніних,Голосіївський
140000.0,1.0,2729.0,10.0,12.0,2009.0,81.0,37.0,14.0,30.0,Івана Мазепи,Голосіївський
132500.0,2.0,1636.0,15.0,22.0,2012.0,81.0,37.0,16.0,28.0,Червоноткацька,Голосіївський
50000.0,1.0,1667.0,5.0,5.0,1962.0,30.0,16.0,5.0,9.0,Голосіївська,Голосіївський
225000.0,3.0,2022.0,11.0,25.0,2008.0,71.0,37.0,14.0,20.0,Голосіївська,Голосіївський
165000.0,2.0,2324.0,2.0,4.0,1895.0,71.0,47.0,8.0,16.0,Миколи Гулака,Печерський
65000.0,2.0,970.0,24.0,25.0,2019.0,67.0,34.0,11.0,22.0,Миколи Гулака,Печерський
230000.0,2.0,4107.0,3.0,25.0,2019.0,56.0,37.0,14.0,5.0,Івана Федорова,Печерський
205000.0,1.0,3796.0,13.0,14.0,2017.0,54.0,18.0,25.0,11.0,Саперне Поле,Печерський
33071.4,1.0,718.9,24.0,25.0,2009.0,46.0,25.0,12.0,9.0,Миколи Хвильового,Шевченківський
777500.0,3.0,4494.0,3.0,13.0,2003.0,173.0,111.0,19.0,43.0,Паторжинського,Шевченківський
128500.0,3.0,988.0,23.0,24.0,2014.0,130.0,90.0,15.0,25.0,Наумовича,Оболонський
80000.0,2.0,1404.0,25.0,25.0,2010.0,57.0,24.0,19.0,14.0,Калнишевського,Оболонський
100500.0,2.0,1378.0,16.0,26.0,2009.0,47.0,37.0,14.0,0.0,Дніпровська,Оболонський
149000.0,1.0,3170.0,3.0,9.0,2009.0,47.0,37.0,14.0,0.0,Електриків,Подільський
95000.0,1.0,2317.0,14.0,25.0,2018.0,41.0,37.0,14.0,0.0,Солом'янська,Солом'янський
159000.0,2.0,2446.0,4.0,4.0,1898.0,65.0,15.0,30.0,20.0,Шевченка,Деснянський
68000.0,2.0,1259.0,14.0,16.0,1982.0,54.0,37.0,14.0,3.0,Озерна,Оболонський
89400.0,3.0,1090.0,9.0,15.0,1998.0,82.0,42.0,14.0,26.0,Григоренка,Голосіївський
330000.0,3.0,2674.0,4.0,24.0,2016.0,136.0,56.0,14.0,66.0,Антонова,Голосіївський
229000.0,3.0,1684.0,2.0,24.0,2013.0,136.0,72.0,20.0,44.0,Голосіївський,Голосіївський
67000.0,1.0,1426.0,16.0,16.0,2016.0,47.0,37.0,14.0,0.0,Комарова,"Солом'янський, Шевченківський "
66500.0,2.0,1279.0,9.0,10.0,1989.0,52.0,29.0,8.0,15.0,Борщагівська,"Солом'янський, Шевченківський "
480000.0,4.0,3200.0,20.0,23.0,2009.0,150.0,84.0,16.0,50.0,Шевченка,Деснянський
74000.0,1.0,1762.0,3.0,16.0,2009.0,42.0,37.0,14.0,0.0,Максимовича,Святошинський
175000.0,3.0,1842.0,10.0,25.0,2011.0,95.0,52.0,11.0,32.0,Ковальський,Солом'янський
159000.0,2.0,2092.0,20.0,24.0,2016.0,76.0,37.0,14.0,25.0,Малевича,Печерський
3200000.0,5.0,9143.0,5.0,5.0,2009.0,350.0,37.0,14.0,299.0,Мічуріна,Печерський
380000.0,3.0,1990.0,15.0,47.0,2012.0,191.0,37.0,14.0,140.0,Балтійський,Оболонський
63000.0,2.0,808.0,22.0,25.0,2009.0,78.0,36.0,12.0,30.0,Балтійський,Оболонський
85000.0,3.0,1104.0,6.0,20.0,1998.0,77.0,45.0,9.0,23.0,Азербайджанська,Дніпровський
130032.0,2.0,1548.0,15.0,25.0,2016.0,84.0,50.0,17.0,17.0,Зарічна,Дарницький
95700.0,3.0,1113.0,25.0,25.0,2016.0,86.0,43.0,12.0,31.0,Чавдар,Подільський
50000.0,1.0,1316.0,18.0,24.0,2019.0,38.0,17.0,10.0,11.0,Правди,Подільський
114900.0,3.0,1197.0,12.0,22.0,2006.0,96.0,47.0,14.0,35.0,Урлівська,Дарницький
41500.0,1.0,1092.0,4.0,25.0,2009.0,38.0,17.0,10.0,11.0,Бориспільська,Дарницький
125000.0,3.0,1302.0,12.0,25.0,2016.0,96.0,46.0,14.0,36.0,Поправки,Дарницький
48000.0,2.0,923.0,7.0,16.0,2009.0,52.0,37.0,14.0,1.0,Бориспільська,Дарницький
59899.0,2.0,1393.0,9.0,9.0,1967.0,43.0,28.0,7.0,8.0,Ентузіастів,Дніпровський
83000.0,1.0,1566.0,10.0,10.0,2017.0,53.0,37.0,14.0,2.0,Малоземельна,Дарницький
335000.0,1.0,4926.0,22.0,32.0,2016.0,68.0,16.0,35.0,17.0,Саксаганського,"Голосіївський, Печерський, Шевченківський"
98500.0,3.0,1449.0,5.0,9.0,1980.0,68.0,43.0,10.0,15.0,Героїв Сталінграда,Оболонський
58000.0,3.0,841.0,9.0,9.0,1971.0,69.0,37.0,14.0,18.0,Зодчих,Святошинський
52000.0,1.0,1576.0,10.0,24.0,2010.0,33.0,15.0,7.0,11.0,Калнишевського,Печерський
195000.0,2.0,1550.0,8.0,18.0,2009.0,168.0,37.0,14.0,117.0,Філатова,Печерський
345000.0,4.0,2054.0,10.0,18.0,2005.0,168.0,89.0,13.0,66.0,Старонаводницька,Печерський
89900.0,2.0,1138.0,2.0,34.0,2009.0,79.0,32.0,20.0,27.0,Заболотного,Подільський
58000.0,1.0,1286.0,24.0,25.0,2009.0,65.0,37.0,14.0,14.0,Правди,Подільський
66500.0,3.0,1023.0,5.0,9.0,1978.0,65.0,42.0,8.0,15.0,Антоновича,"Голосіївський, Печерський"
290000.0,1.0,6444.0,22.0,24.0,2019.0,45.0,12.0,18.0,15.0,Антоновича,"Голосіївський, Печерський"
380000.0,4.0,1767.0,3.0,25.0,2011.0,215.0,110.0,40.0,65.0,Шаповала,Шевченківський
135000.0,2.0,1800.0,5.0,10.0,2001.0,75.0,27.0,34.0,14.0,Деревлянська,Шевченківський
165000.0,3.0,1602.0,9.0,17.0,2011.0,103.0,60.0,25.0,18.0,Вільямса,Солом'янський
107000.0,3.0,1189.0,12.0,14.0,2010.0,90.0,52.0,11.0,27.0,Васильченка,Солом'янський
139990.0,1.0,3182.0,24.0,24.0,2017.0,44.0,20.0,15.0,9.0,Предславинська,Печерський
31000.0,1.0,886.0,14.0,25.0,2009.0,35.0,37.0,14.0,0.0,Крайня,Деснянський
58000.0,2.0,866.0,15.0,25.0,2009.0,67.0,32.0,12.0,23.0,Милославська,Деснянський
145000.0,3.0,1593.0,3.0,25.0,2018.0,91.0,68.0,17.0,6.0,Воскресенська,Дніпровський
67900.0,2.0,1235.0,22.0,26.0,2009.0,55.0,25.0,15.0,15.0,Маланюка,Оболонський
230000.0,3.0,2035.0,12.0,24.0,2007.0,113.0,53.0,15.0,45.0,Дніпровська,Оболонський
240000.0,3.0,2449.0,4.0,5.0,1895.0,98.0,57.0,11.0,30.0,Пушкінська,Шевченківський
65280.0,1.0,1200.0,8.0,18.0,2009.0,61.0,37.0,14.0,10.0,Набережно-Корчуватська,Голосіївський
150000.0,2.0,2459.0,23.0,25.0,2015.0,61.0,33.0,9.0,19.0,Зарічна,Дарницький
499990.0,3.0,3125.0,5.0,11.0,2005.0,160.0,37.0,14.0,109.0,Тургенєвська,Шевченківський
66624.0,3.0,833.1,13.0,26.0,2009.0,45.0,37.0,14.0,0.0,Радченка,Дарницький
140000.0,3.0,1265.0,6.0,9.0,2009.0,45.0,37.0,38.0,0.0,Зарічна,Дарницький
68900.0,1.0,1531.0,8.0,9.0,2016.0,45.0,25.0,11.0,9.0,Метрологічна,Голосіївський
49500.0,2.0,1053.0,5.0,9.0,1969.0,47.0,28.0,7.0,12.0,Кольцова,Святошинський
138000.0,2.0,2300.0,13.0,14.0,2017.0,60.0,30.0,10.0,20.0,Максимовича,Святошинський
55500.0,2.0,911.0,8.0,18.0,1971.0,106.0,28.0,14.0,64.0,Науки,Голосіївський
206000.0,3.0,1943.0,18.0,20.0,2008.0,106.0,58.0,14.0,34.0,Саперно-Слобідська,Голосіївський
110000.0,1.0,3333.0,3.0,10.0,1977.0,33.0,20.0,14.0,0.0,Шовковична,Печерський
250000.0,3.0,2809.0,3.0,23.0,2019.0,89.0,37.0,14.0,38.0,Трускавецька,Дарницький
59157.0,2.0,873.0,11.0,17.0,2009.0,46.0,37.0,14.0,0.0,Гавела,"Шевченківський, Солом'янський"
53000.0,1.0,1152.0,7.0,25.0,2009.0,46.0,37.0,14.0,0.0,Повітрофлотський,"Шевченківський, Солом'янський"
58000.0,3.0,1000.0,9.0,9.0,1967.0,58.0,37.0,8.0,13.0,Запорожця,Шевченківський
177000.0,2.0,2185.0,5.0,13.0,2019.0,81.0,55.0,15.0,11.0,Маккейна,Шевченківський
86000.0,1.0,1654.0,8.0,36.0,2009.0,52.0,19.0,14.0,19.0,Перемоги,Шевченківський
70000.0,3.0,745.0,4.0,20.0,2014.0,94.0,45.0,14.0,35.0,Щербаківського,Дарницький
73000.0,1.0,1521.0,20.0,26.0,2018.0,48.0,10.0,23.0,15.0,Зарічна,Дарницький
45000.0,1.0,1125.0,9.0,10.0,1994.0,40.0,18.0,9.0,13.0,Будищанська,Деснянський
115000.0,1.0,2300.0,10.0,24.0,2019.0,50.0,17.0,21.0,12.0,Жилянська,"Печерський, Голосіївський, Шевченківський"
88000.0,2.0,989.0,4.0,25.0,2014.0,89.0,60.0,15.0,14.0,Ревуцького,Дарницький
29900.0,1.0,906.0,4.0,4.0,1960.0,33.0,19.0,6.0,8.0,Бородіна,Дарницький
189000.0,4.0,1550.0,8.0,18.0,2009.0,70.0,37.0,14.0,19.0,Руставелі,Дарницький
95000.0,2.0,1730.0,10.0,16.0,1993.0,70.0,29.0,14.0,27.0,Драгоманова,Дарницький
128000.0,2.0,1829.0,21.0,24.0,2014.0,70.0,30.0,19.0,21.0,Преображенська,Солом'янський
68000.0,3.0,1172.0,1.0,3.0,2009.0,58.0,35.0,6.0,17.0,Депутатська,Святошинський
85000.0,2.0,1312.0,17.0,25.0,2009.0,77.0,38.0,14.0,25.0,Багговутівська,Шевченківський
160000.0,3.0,2078.0,3.0,5.0,2009.0,77.0,37.0,14.0,26.0,Сікорського,Шевченківський
135000.0,2.0,2596.0,24.0,25.0,2014.0,52.0,40.0,20.0,0.0,Сікорського,Шевченківський
800000.0,5.0,4000.0,8.0,18.0,2009.0,200.0,37.0,14.0,149.0,Драгомирова,Шевченківський
250000.0,3.0,2336.0,10.0,24.0,2016.0,107.0,66.0,13.0,28.0,Коперніка,Шевченківський
127000.0,2.0,1814.0,7.0,17.0,2002.0,70.0,36.0,15.0,19.0,Васильківська,Голосіївський
98000.0,1.0,1661.0,16.0,24.0,2009.0,59.0,18.0,14.0,27.0,Глибочицька,Шевченківський
125000.0,3.0,1389.0,18.0,25.0,2016.0,90.0,37.0,18.0,35.0,Чавдар,Оболонський
115000.0,2.0,1420.0,23.0,25.0,2007.0,81.0,41.0,16.0,24.0,Дніпровська,Оболонський
90000.0,2.0,1550.0,8.0,18.0,2009.0,51.0,37.0,14.0,0.0,Антоновича,"Голосіївський, Печерський"
56000.0,2.0,1098.0,2.0,10.0,1987.0,51.0,30.0,8.0,13.0,Славгородська,Дарницький
53000.0,2.0,1000.0,9.0,14.0,1990.0,53.0,29.0,8.0,16.0,Славгородська,Дарницький
250000.0,3.0,3125.0,8.0,18.0,2009.0,80.0,37.0,14.0,29.0,Драгомирова,Дарницький
205000.0,3.0,1627.0,23.0,25.0,2010.0,126.0,74.0,14.0,38.0,Срібнокільська,Дарницький
59950.0,3.0,517.0,10.0,16.0,2016.0,116.0,37.0,17.0,62.0,Харченка,Печерський
250000.0,1.0,3571.0,4.0,14.0,2012.0,70.0,22.0,27.0,21.0,Окіпної,Печерський
38500.0,1.0,1196.0,4.0,5.0,1960.0,60.0,37.0,14.0,9.0,Олени Теліги,Печерський
99999.0,2.0,1667.0,15.0,26.0,2013.0,60.0,39.0,16.0,5.0,Кондратюка,Печерський
120000.0,3.0,1739.0,1.0,9.0,1977.0,69.0,37.0,14.0,18.0,Мечнікова,Печерський
150000.0,3.0,1829.0,5.0,12.0,1997.0,82.0,42.0,9.0,31.0,Героїв Сталінграда,Оболонський
285000.0,4.0,1900.0,8.0,9.0,2009.0,150.0,37.0,22.0,91.0,Рибальська,Печерський
72500.0,2.0,1394.0,4.0,4.0,2019.0,52.0,30.0,14.0,8.0,Березова,Солом'янський
750000.0,3.0,5000.0,10.0,14.0,2017.0,150.0,95.0,18.0,37.0,Саперне Поле,Печерський
493000.0,4.0,4287.0,12.0,24.0,2019.0,115.0,80.0,20.0,15.0,Антоновича,"Голосіївський, Печерський"
290000.0,3.0,3333.0,22.0,25.0,2019.0,87.0,55.0,15.0,17.0,Маккейна,Печерський
247000.0,3.0,2100.0,13.0,17.0,2019.0,79.0,63.0,15.0,1.0,Лейпцизька,Печерський
90000.0,2.0,1139.0,13.0,23.0,2015.0,79.0,34.0,18.0,27.0,Драгоманова,Дарницький
80000.0,3.0,1250.0,9.0,9.0,1972.0,64.0,37.0,14.0,13.0,Коновальця,Шевченківський
103900.0,3.0,1071.0,21.0,25.0,2009.0,97.0,51.0,16.0,30.0,Василя Стуса,Шевченківський
265000.0,3.0,2944.0,13.0,17.0,2006.0,90.0,38.0,42.0,10.0,Тютюнника,Шевченківський
105000.0,3.0,1641.0,1.0,5.0,1957.0,64.0,40.0,8.0,16.0,Січових Стрільців,Шевченківський
78000.0,2.0,1696.0,5.0,11.0,2018.0,46.0,20.0,20.0,6.0,Райдужна,Дніпровський
44900.0,1.0,1182.0,7.0,10.0,1988.0,38.0,17.0,8.0,13.0,Закревського,Шевченківський
494000.0,6.0,1502.0,8.0,10.0,1996.0,329.0,193.0,47.0,89.0,Тургенєвська,Шевченківський
55000.0,2.0,1078.0,9.0,10.0,1982.0,51.0,31.0,8.0,12.0,Зої Космодем'янської,Деснянський
59280.0,2.0,874.0,5.0,26.0,2009.0,44.0,37.0,14.0,0.0,Радченка,Деснянський
56000.0,1.0,1273.0,11.0,25.0,2009.0,44.0,37.0,14.0,0.0,Сверстюка,Деснянський
47500.0,1.0,1105.0,10.0,18.0,2006.0,43.0,20.0,10.0,13.0,Милославська,Деснянський
100000.0,2.0,1099.0,8.0,9.0,1970.0,91.0,37.0,14.0,40.0,Метрологічна,Голосіївський
103000.0,1.0,2341.0,8.0,18.0,2009.0,44.0,37.0,14.0,0.0,Деміївська,Голосіївський
95000.0,3.0,1118.0,2.0,15.0,2019.0,85.0,47.0,13.0,25.0,Перемоги,Шевченківський
76800.0,3.0,985.0,2.0,5.0,1958.0,78.0,78.0,9.0,0.0,Вишгородська,"Подільський, Оболонський"
257500.0,2.0,4769.0,8.0,25.0,2015.0,54.0,37.0,14.0,3.0,Маккейна,Шевченківський
52500.0,1.0,1094.0,9.0,22.0,2009.0,48.0,37.0,21.0,0.0,Перемоги,Шевченківський
302200.0,4.0,2001.0,5.0,22.0,2013.0,151.0,37.0,14.0,100.0,Перемоги,Шевченківський
63500.0,2.0,814.0,22.0,25.0,2009.0,78.0,36.0,12.0,30.0,Балтійський,Оболонський
550000.0,4.0,3416.0,8.0,26.0,2009.0,161.0,67.0,40.0,54.0,Звіринецька,Печерський
98700.0,2.0,1484.0,15.0,25.0,2019.0,37.0,37.0,19.0,0.0,Ревуцького,Дарницький
35000.0,1.0,946.0,8.0,9.0,1992.0,37.0,19.0,7.0,11.0,Милославська,Деснянський
56000.0,2.0,851.0,14.0,24.0,2009.0,27.0,37.0,14.0,0.0,Вербицького,Солом'янський
36000.0,1.0,1333.0,4.0,5.0,1960.0,27.0,37.0,14.0,0.0,Новгородська,Солом'янський
87000.0,1.0,1839.0,2.0,25.0,2015.0,180.0,25.0,10.0,145.0,Бажана,Подільський
220000.0,5.0,1222.0,5.0,6.0,2009.0,180.0,72.0,12.0,96.0,Канівська,Подільський
109000.0,3.0,1253.0,7.0,16.0,2009.0,87.0,37.0,14.0,36.0,Максимовича,Святошинський
125000.0,2.0,1689.0,23.0,25.0,2016.0,74.0,37.0,14.0,23.0,Донця,Подільський
600000.0,3.0,4800.0,2.0,14.0,2009.0,125.0,37.0,14.0,74.0,Драгомирова,Подільський
60000.0,1.0,1277.0,5.0,16.0,2009.0,47.0,22.0,14.0,11.0,Тираспольська,Подільський
15700000.0,3.0,157000.0,2.0,4.0,1917.0,100.0,76.0,12.0,12.0,Саксаганського,"Голосіївський, Печерський, Шевченківський"
45000.0,1.0,1214.9,5.0,16.0,1990.0,118.0,37.0,14.0,67.0,Тираспольська,Подільський
160000.0,3.0,1356.0,11.0,25.0,2015.0,118.0,85.0,33.0,0.0,Зарічна,Дарницький
65000.0,2.0,1413.0,11.0,16.0,1981.0,46.0,27.0,9.0,10.0,Гонгадзе,Подільський
495000.0,3.0,4420.0,13.0,39.0,2017.0,112.0,37.0,14.0,61.0,Українки,Подільський
59000.0,2.0,1283.0,3.0,5.0,1965.0,46.0,37.0,14.0,0.0,Світлицького,Подільський
68000.0,2.0,1447.0,5.0,10.0,1970.0,47.0,35.0,7.0,5.0,Воробйова,Дніпровський
81000.0,3.0,1012.0,17.0,25.0,2018.0,80.0,60.0,14.0,6.0,Каховська,Дніпровський
67000.0,1.0,1675.0,9.0,23.0,2009.0,40.0,37.0,12.0,0.0,Глибочицька,Шевченківський
170000.0,3.0,1339.0,3.0,3.0,1954.0,127.0,86.0,30.0,11.0,Білокур,Оболонський
54500.0,1.0,996.0,23.0,25.0,2009.0,136.0,37.0,12.0,87.0,Балтійський,Оболонський
232000.0,3.0,1706.0,11.0,13.0,2014.0,136.0,70.0,14.0,52.0,Антоновича,"Голосіївський, Печерський"
75000.0,2.0,789.0,18.0,25.0,2009.0,46.0,37.0,14.0,0.0,Кондратюка,Дарницький
99000.0,1.0,2152.0,3.0,4.0,1898.0,46.0,25.0,10.0,11.0,Гончара,Дарницький
55000.0,1.0,1310.0,6.0,25.0,2019.0,42.0,13.0,9.0,20.0,Ревуцького,Дарницький
475000.0,3.0,5000.0,3.0,13.0,2017.0,95.0,66.0,13.0,16.0,Драгоманова,Дарницький
70000.0,1.0,1659.0,1.0,19.0,2006.0,66.0,18.0,10.0,38.0,Драгоманова,Дарницький
79900.0,2.0,1211.0,24.0,25.0,2013.0,66.0,36.0,13.0,17.0,Сім’ї Кульженків,Голосіївський
215767.9,3.0,2157.7,8.0,16.0,2000.0,100.0,57.0,12.0,31.0,Панельна,Голосіївський
155000.0,3.0,1550.0,13.0,16.0,2012.0,100.0,55.0,16.0,29.0,Вільямса,Голосіївський
100000.0,1.0,1667.0,13.0,25.0,2008.0,60.0,21.0,17.0,22.0,Голосіївська,Голосіївський
1010000.0,4.0,5674.0,23.0,26.0,2017.0,178.0,92.0,22.0,64.0,Оболонський,Оболонський
45000.0,1.0,1500.0,1.0,9.0,1975.0,30.0,16.0,5.0,9.0,Миколи Голего,Солом'янський
80000.0,1.0,1333.0,4.0,24.0,2012.0,60.0,37.0,14.0,9.0,Дніпровська,Оболонський
115000.0,2.0,1575.0,21.0,25.0,2015.0,73.0,37.0,15.0,21.0,Малиновського,Шевченківський
620000.0,5.0,3605.0,14.0,17.0,2001.0,172.0,93.0,13.0,66.0,Назарівська,Шевченківський
250500.0,6.0,1668.0,13.0,14.0,1978.0,29.0,81.0,13.0,0.0,Гоголівська,Шевченківський
39000.0,1.0,1345.0,1.0,5.0,1963.0,29.0,16.0,5.0,8.0,Дорогожицька,Шевченківський
360000.0,5.0,2400.0,5.0,6.0,1936.0,150.0,120.0,15.0,15.0,Грушевського,Солом'янський
250000.0,2.0,2976.0,15.0,23.0,2008.0,84.0,60.0,15.0,9.0,Іллєнка,Солом'янський
95000.0,1.0,1863.0,22.0,25.0,2018.0,51.0,14.0,20.0,17.0,Липківського,Солом'янський
63900.0,1.0,761.0,13.0,14.0,2013.0,84.0,44.0,18.0,22.0,Ушинського,Солом'янський
81000.0,2.0,1528.0,13.0,25.0,2020.0,53.0,37.0,14.0,2.0,Польова,Солом'янський
219000.0,1.0,3776.0,2.0,9.0,2019.0,58.0,20.0,20.0,18.0,Саперне Поле,Печерський
162000.0,3.0,1604.0,19.0,26.0,2017.0,101.0,55.0,25.0,21.0,Панельна,"Голосіївський, Печерський"
260000.0,3.0,2321.0,14.0,18.0,2013.0,112.0,60.0,17.0,35.0,Хмельницького,"Голосіївський, Печерський"
163000.0,1.0,3622.0,2.0,22.0,2015.0,45.0,22.0,12.0,11.0,Маккейна,"Голосіївський, Печерський"
499000.0,2.0,4990.0,22.0,25.0,2019.0,100.0,37.0,14.0,49.0,Антоновича,"Голосіївський, Печерський"
310000.0,3.0,1925.0,3.0,18.0,2009.0,161.0,120.0,35.0,6.0,Толстого,Дарницький
99800.0,3.0,1535.0,6.0,8.0,1962.0,65.0,37.0,14.0,14.0,Дружби Народів,Печерський
130000.0,1.0,3023.0,9.0,26.0,2009.0,43.0,37.0,14.0,0.0,Оболонський,Оболонський
70000.0,2.0,1273.0,4.0,5.0,1938.0,55.0,39.0,8.0,8.0,Багговутівська,Шевченківський
44500.0,2.0,1025.0,1.0,5.0,1961.0,80.0,29.0,6.0,45.0,Антонова,"Голосіївський, Шевченківський"
199000.0,2.0,2488.0,2.0,5.0,1937.0,80.0,40.0,14.0,26.0,Володимирська,"Голосіївський, Шевченківський"
120000.0,2.0,2500.0,9.0,9.0,1972.0,48.0,37.0,14.0,0.0,Українки,Печерський
68750.0,2.0,892.9,7.0,16.0,2009.0,77.0,34.0,12.0,31.0,Сім’ї Кульженків,Печерський
162000.0,3.0,1800.0,11.0,26.0,2005.0,90.0,48.0,23.0,19.0,Коновальця,Печерський
209000.0,2.0,2580.0,2.0,10.0,2003.0,81.0,40.0,15.0,26.0,Мирного,Печерський
275000.0,2.0,2926.0,15.0,16.0,2006.0,94.0,37.0,48.0,9.0,Московська,Печерський
38000.0,1.0,1056.0,8.0,9.0,1984.0,36.0,18.0,8.0,10.0,Жмеринська,Святошинський
114000.0,3.0,1583.0,6.0,7.0,1959.0,72.0,51.0,9.0,12.0,Бойчука,Печерський
161000.0,2.0,1809.0,17.0,25.0,2018.0,89.0,37.0,14.0,38.0,Липківського,Печерський
330000.0,3.0,3000.0,18.0,24.0,2018.0,110.0,60.0,40.0,10.0,Лабораторний,Печерський
1500000.0,5.0,5000.0,8.0,18.0,2009.0,300.0,37.0,14.0,249.0,Інститутська,Печерський
295000.0,3.0,2757.0,6.0,6.0,1914.0,107.0,74.0,11.0,22.0,Хрещатик,"Печерський, Шевченківський"
62000.0,1.0,1512.0,2.0,25.0,2009.0,41.0,14.0,14.0,13.0,Дніпровська,Оболонський
255000.0,4.0,2024.0,16.0,25.0,2016.0,126.0,70.0,15.0,41.0,Саперне Поле,Печерський
68000.0,3.0,907.0,5.0,15.0,1993.0,75.0,43.0,8.0,24.0,Комарова,Дарницький
164000.0,2.0,2702.0,30.0,30.0,2009.0,111.0,37.0,12.0,62.0,Драгомирова,Дарницький
139000.0,3.0,1252.0,23.0,36.0,2007.0,111.0,60.0,18.0,33.0,Срібнокільська,Дарницький
115000.0,2.0,1337.0,11.0,25.0,2008.0,86.0,37.0,14.0,35.0,Чоколівський,Солом'янський
104000.0,1.0,1857.0,10.0,24.0,2009.0,56.0,16.0,16.0,24.0,Звіринецька,Печерський
85000.0,1.0,1518.0,7.0,14.0,2009.0,56.0,20.0,14.0,22.0,Вишгородська,"Подільський, Оболонський"
190000.0,2.0,3585.0,3.0,20.0,2019.0,53.0,18.0,20.0,15.0,Драгомирова,Дніпровський
65000.0,2.0,1161.0,3.0,4.0,1952.0,56.0,34.0,9.0,13.0,Будівельників,Дніпровський
105000.0,3.0,1117.0,6.0,22.0,2010.0,94.0,47.0,15.0,32.0,Урлівська,Дарницький
57000.0,2.0,919.0,15.0,21.0,2009.0,62.0,26.0,26.0,10.0,Сормовська,Дарницький
65000.0,1.0,1182.0,5.0,18.0,2009.0,55.0,37.0,21.0,0.0,Правди,Подільський
98000.0,2.0,1388.0,8.0,25.0,2006.0,52.0,37.0,14.0,1.0,Верховинна,Святошинський
55000.0,2.0,1058.0,2.0,9.0,1986.0,52.0,29.0,8.0,15.0,Вербицького,"Голосіївський, Шевченківський, Печерський"
55000.0,1.0,1618.0,5.0,33.0,2009.0,34.0,37.0,9.0,0.0,Велика Васильківська,"Голосіївський, Шевченківський, Печерський"
115000.0,2.0,2170.0,7.0,7.0,1961.0,53.0,35.0,14.0,4.0,Велика Васильківська,"Голосіївський, Шевченківський, Печерський"
158364.0,2.0,1760.0,4.0,11.0,2009.0,90.0,45.0,20.0,25.0,Бойчука,Печерський
80000.0,1.0,2000.0,11.0,25.0,2011.0,40.0,19.0,11.0,10.0,Лобановського,Печерський
41000.0,2.0,909.0,2.0,3.0,1959.0,120.0,37.0,14.0,69.0,Миколи Шепелєва,Печерський
435000.0,2.0,3625.0,2.0,10.0,1998.0,120.0,85.0,10.0,25.0,Кропивницького,Печерський
100000.0,1.0,2000.0,3.0,23.0,2016.0,50.0,28.0,20.0,2.0,Трускавецька,Дарницький
88107.1,2.0,1223.7,23.0,26.0,2009.0,72.0,34.0,15.0,23.0,Маланюка,Святошинський
130000.0,1.0,2653.0,4.0,16.0,2009.0,49.0,18.0,16.0,15.0,Драгомирова,Святошинський
125000.0,2.0,1866.0,4.0,9.0,2018.0,67.0,37.0,14.0,16.0,Юнацька,Святошинський
89000.0,2.0,1413.0,12.0,14.0,2013.0,63.0,37.0,11.0,15.0,Максимовича,Святошинський
110000.0,3.0,1122.0,4.0,25.0,2010.0,98.0,59.0,14.0,25.0,Комарова,Шевченківський
70000.0,2.0,1167.0,7.0,12.0,2019.0,60.0,26.0,14.0,20.0,Багговутівська,Шевченківський
46000.0,1.0,1000.0,8.0,26.0,2009.0,46.0,37.0,14.0,0.0,Костанайська,Голосіївський
84000.0,2.0,1400.0,14.0,24.0,2009.0,60.0,37.0,10.0,13.0,Костанайська,Голосіївський
160000.0,3.0,1250.0,3.0,10.0,2010.0,128.0,69.0,18.0,41.0,Срібнокільська,Дарницький
42000.0,2.0,913.0,9.0,9.0,1970.0,46.0,37.0,14.0,0.0,Курчатова,Печерський
61000.0,1.0,1743.0,8.0,9.0,1974.0,35.0,17.0,6.0,12.0,Гусовського,Печерський
130000.0,3.0,1512.0,5.0,9.0,1972.0,86.0,43.0,9.0,34.0,Українки,Дарницький
120000.0,3.0,1091.0,3.0,16.0,2002.0,110.0,54.0,13.0,43.0,Драгоманова,Дарницький
250000.0,2.0,2874.0,11.0,23.0,2012.0,87.0,56.0,31.0,0.0,Дніпровська,Оболонський
125000.0,3.0,1322.0,19.0,34.0,2009.0,50.0,37.0,14.0,0.0,Заболотного,Шевченківський
79235.0,2.0,1152.0,14.0,34.0,2009.0,50.0,37.0,14.0,0.0,Заболотного,Шевченківський
113261.0,2.0,1421.0,9.0,36.0,1961.0,50.0,37.0,14.0,0.0,Перемоги,Шевченківський
62000.0,1.0,1403.0,24.0,25.0,2009.0,50.0,37.0,14.0,0.0,Сверстюка,Оболонський
131000.0,2.0,2620.0,15.0,25.0,2016.0,50.0,37.0,21.0,0.0,Липківського,Оболонський
300000.0,1.0,4000.0,18.0,24.0,2015.0,75.0,28.0,25.0,22.0,Маккейна,Оболонський
108000.0,3.0,1200.0,3.0,24.0,2009.0,90.0,54.0,10.0,26.0,Дніпровська,Оболонський
47000.0,1.0,1621.0,2.0,5.0,1964.0,29.0,15.0,5.0,9.0,Волгоградська,Солом'янський
57000.0,2.0,919.0,2.0,25.0,2009.0,62.0,45.0,14.0,3.0,Новопольова,Солом'янський
135482.1,2.0,1782.6,1.0,25.0,2015.0,76.0,37.0,14.0,25.0,Драгоманова,Дарницький
149000.0,4.0,1192.0,3.0,8.0,2019.0,125.0,72.0,17.0,36.0,Лебедєва,Печерський
85000.0,2.0,1977.0,1.0,5.0,1962.0,43.0,27.0,4.0,12.0,Драгомирова,Печерський
123900.0,2.0,1721.0,6.0,30.0,2009.0,72.0,46.0,15.0,11.0,Драгомирова,Печерський
150000.0,1.0,2727.0,3.0,17.0,2019.0,55.0,37.0,14.0,4.0,Лейпцизька,Печерський
285000.0,3.0,2568.0,4.0,22.0,2014.0,111.0,60.0,35.0,16.0,Глибочицька,Шевченківський
115000.0,3.0,1106.0,5.0,9.0,2005.0,104.0,65.0,20.0,19.0,Салютна,Шевченківський
45900.0,2.0,1020.0,1.0,5.0,1965.0,45.0,30.0,4.0,11.0,Метрологічна,Голосіївський
60000.0,2.0,952.0,18.0,25.0,2009.0,63.0,26.0,17.0,20.0,Північно-Сирецька,Подільський
115000.0,2.0,1742.0,15.0,25.0,2018.0,66.0,30.0,18.0,18.0,Правди,Подільський
44000.0,1.0,1023.0,24.0,26.0,2018.0,43.0,28.0,12.0,3.0,Вернадського,Печерський
85000.0,2.0,1700.0,4.0,25.0,2016.0,50.0,25.0,10.0,15.0,Пчілки,Печерський
183693.7,2.0,2213.2,8.0,25.0,2019.0,83.0,44.0,15.0,24.0,Лейпцизька,Печерський
200000.0,3.0,2083.0,2.0,5.0,1959.0,96.0,73.0,7.0,16.0,Басейна,"Печерський, Шевченківський"
138000.0,2.0,2060.0,13.0,25.0,2011.0,67.0,37.0,14.0,16.0,Шаповала,Оболонський
39500.0,1.0,1013.0,20.0,25.0,2009.0,39.0,37.0,10.0,0.0,Бережанська,Оболонський
123500.0,2.0,1506.0,6.0,26.0,2009.0,82.0,37.0,18.0,27.0,Бойчука,Шевченківський
80000.0,2.0,1250.0,11.0,16.0,2009.0,64.0,35.0,16.0,13.0,Перемоги,Шевченківський
1976000.0,5.0,3800.0,17.0,25.0,2019.0,520.0,37.0,20.0,463.0,Івана Федорова,"Голосіївський, Печерський"
320000.0,2.0,3232.0,13.0,24.0,2019.0,99.0,47.0,13.0,39.0,Антоновича,"Голосіївський, Печерський"
110000.0,2.0,1735.0,1.0,12.0,2003.0,57.0,37.0,14.0,6.0,Вільямса,Шевченківський
92000.0,2.0,1686.8,18.0,26.0,2009.0,57.0,37.0,31.0,0.0,Бойчука,Шевченківський
101000.0,1.0,1772.0,33.0,36.0,2009.0,57.0,37.0,14.0,6.0,Перемоги,Шевченківський
849000.0,2.0,1550.0,8.0,18.0,2001.0,55.0,37.0,14.0,4.0,Ковпака,"Голосіївський, Печерський"
85000.0,2.0,1545.0,6.0,16.0,1973.0,55.0,22.0,7.0,26.0,Русанівський,Дніпровський
330000.0,3.0,2481.0,7.0,21.0,2010.0,133.0,70.0,22.0,41.0,Українки,Дніпровський
33900.0,1.0,1169.0,4.0,5.0,1969.0,29.0,16.0,7.0,6.0,Празька,Дніпровський
165000.0,4.0,2062.0,4.0,4.0,2009.0,80.0,56.0,11.0,13.0,Гончара,Оболонський
270000.0,2.0,3333.0,11.0,13.0,2019.0,81.0,32.0,20.0,29.0,Маккейна,Оболонський
40000.0,1.0,995.0,14.0,25.0,2009.0,49.0,37.0,12.0,0.0,Балтійський,Оболонський
104000.0,1.0,2122.0,13.0,26.0,2015.0,49.0,25.0,14.0,10.0,Білоруська,Шевченківський
75000.0,1.0,1442.0,4.0,25.0,2016.0,52.0,18.0,14.0,20.0,Драгоманова,Дарницький
115000.0,2.0,1613.0,4.0,25.0,2009.0,33.0,37.0,14.0,0.0,Липківського,Печерський
58000.0,1.0,1758.0,8.0,9.0,1972.0,33.0,19.0,14.0,0.0,Новогоспітальна,Печерський
30540.0,1.0,1021.4,9.0,26.0,2009.0,160.0,37.0,14.0,109.0,Радченка,Оболонський
259999.0,5.0,1625.0,5.0,6.0,1936.0,160.0,85.0,40.0,35.0,Богомольця,Оболонський
140000.0,3.0,1842.0,26.0,26.0,2016.0,76.0,49.0,10.0,17.0,Донця,Оболонський
160000.0,2.0,2078.0,3.0,26.0,2009.0,77.0,36.0,13.0,28.0,Оболонський,Оболонський
200714.3,4.0,2007.1,2.0,2.0,2009.0,100.0,80.0,20.0,0.0,Щекавицька,Подільський
65000.0,3.0,1048.0,3.0,9.0,1960.0,62.0,43.0,9.0,10.0,Пожарського,Дніпровський
74000.0,3.0,1000.0,7.0,9.0,1975.0,74.0,48.0,8.0,18.0,Полкова,Подільський
67000.0,2.0,1218.0,3.0,16.0,1993.0,55.0,30.0,8.0,17.0,Палладіна,Шевченківський
110000.0,2.0,1630.0,12.0,24.0,2009.0,84.0,37.0,37.0,10.0,Бойчука,Шевченківський
127000.0,2.0,1512.0,14.0,24.0,2018.0,84.0,43.0,14.0,27.0,Липківського,Шевченківський
180000.0,2.0,1915.0,4.0,10.0,2005.0,94.0,45.0,15.0,34.0,Павлівська,Шевченківський
63000.0,3.0,875.0,3.0,9.0,1977.0,72.0,45.0,7.0,20.0,Івашкевича,Солом'янський
42900.0,2.0,998.0,1.0,5.0,2009.0,43.0,29.0,14.0,0.0,Іскрівська,Солом'янський
95000.0,3.0,1234.0,16.0,25.0,2017.0,77.0,45.0,12.0,20.0,Максимовича,Святошинський
255000.0,4.0,2318.0,3.0,4.0,1900.0,110.0,68.0,13.0,29.0,Драгомирова,Голосіївський
100357.1,2.0,1593.0,6.0,30.0,2009.0,63.0,35.0,8.0,20.0,Драгомирова,Голосіївський
115000.0,1.0,2614.0,2.0,7.0,2019.0,44.0,14.0,21.0,9.0,Теремківська,Голосіївський
113300.0,3.0,1218.0,15.0,21.0,2009.0,93.0,55.0,11.0,27.0,Осокорська,Дарницький
268000.0,4.0,1381.0,18.0,20.0,2010.0,194.0,93.0,35.0,66.0,Дмитрівська,Шевченківський
140000.0,3.0,1273.0,3.0,26.0,2009.0,110.0,37.0,14.0,59.0,Кондратюка,Дніпровський
146000.0,3.0,1718.0,1.0,9.0,2015.0,85.0,40.0,17.0,28.0,Регенераторна,Дніпровський
63000.0,3.0,900.0,23.0,23.0,2009.0,70.0,34.0,14.0,22.0,Глибочицька,Шевченківський
495000.0,3.0,3367.0,14.0,23.0,2014.0,147.0,50.0,40.0,57.0,Глибочицька,Шевченківський
275000.0,3.0,2644.0,5.0,24.0,2008.0,104.0,70.0,14.0,20.0,Героїв Сталінграда,Оболонський
73500.0,2.0,1361.0,2.0,9.0,1966.0,54.0,32.0,8.0,14.0,Борщагівська,"Солом'янський, Шевченківський "
57000.0,2.0,1056.0,7.0,26.0,2009.0,54.0,28.0,9.0,17.0,Ревуцького,Дарницький
121860.0,2.0,1741.0,2.0,9.0,2018.0,70.0,45.0,14.0,11.0,Юнацька,Святошинський
73000.0,2.0,1000.0,21.0,25.0,2009.0,73.0,37.0,14.0,22.0,Заболотного,Оболонський
39000.0,1.0,1147.0,3.0,5.0,1960.0,34.0,18.0,8.0,8.0,Автозаводська,Оболонський
92284.0,2.0,1138.0,6.0,34.0,2009.0,121.0,37.0,14.0,70.0,Заболотного,"Голосіївський, Печерський, Шевченківський"
210000.0,2.0,1736.0,14.0,24.0,2008.0,121.0,60.0,30.0,31.0,Саксаганського,"Голосіївський, Печерський, Шевченківський"
139900.0,4.0,1260.0,6.0,9.0,2009.0,111.0,37.0,14.0,60.0,Зарічна,Дарницький
145000.0,2.0,1686.0,17.0,23.0,2005.0,86.0,48.0,12.0,26.0,Героїв Сталінграда,Оболонський
76000.0,3.0,1086.0,6.0,9.0,1980.0,70.0,34.0,10.0,26.0,Героїв Сталінграда,Оболонський
796000.0,4.0,4020.0,7.0,15.0,2009.0,198.0,65.0,67.0,66.0,Драгомирова,Дарницький
97926.0,1.0,1900.0,9.0,30.0,2009.0,32.0,37.0,14.0,0.0,Драгомирова,Дарницький
46000.0,1.0,1438.0,2.0,5.0,1963.0,32.0,19.0,6.0,7.0,Гавела,Дарницький
115000.0,3.0,1135.0,13.0,25.0,2004.0,110.0,37.0,14.0,59.0,Здолбунівська,Дарницький
430000.0,3.0,3909.0,8.0,22.0,2014.0,110.0,62.0,14.0,34.0,Драгомирова,Печерський
3210000.0,5.0,8025.0,10.0,10.0,1961.0,400.0,250.0,50.0,100.0,Мечнікова,Печерський
127900.0,2.0,1776.0,13.0,24.0,2017.0,72.0,35.0,17.0,20.0,Максимовича,Святошинський
75000.0,2.0,1250.0,4.0,5.0,1938.0,60.0,45.0,9.0,6.0,Багговутівська,Шевченківський
90005.0,2.0,1915.0,8.0,15.0,2009.0,47.0,17.0,20.0,10.0,Шолуденка,Шевченківський
284999.0,2.0,3202.0,3.0,18.0,2005.0,89.0,50.0,16.0,23.0,Щекавицька,Подільський
51000.0,3.0,850.0,2.0,9.0,1972.0,60.0,40.0,6.0,14.0,Коласа,Шевченківський
320000.0,3.0,3107.0,8.0,24.0,2013.0,103.0,37.0,16.0,50.0,Перемоги,Шевченківський
43000.0,2.0,782.0,24.0,26.0,2009.0,55.0,37.0,11.0,7.0,Перемоги,Шевченківський
91000.0,1.0,1750.0,33.0,35.0,2009.0,52.0,20.0,22.0,10.0,Перемоги,Шевченківський
185000.0,2.0,2256.0,6.0,9.0,2009.0,82.0,35.0,24.0,23.0,Наумова,Шевченківський
49990.0,3.0,757.0,8.0,9.0,1976.0,66.0,45.0,8.0,13.0,Наумова,Шевченківський
89000.0,1.0,2342.0,7.0,15.0,2009.0,38.0,20.0,7.0,11.0,Перемоги,Шевченківський
170000.0,2.0,2656.0,5.0,7.0,1948.0,64.0,37.0,9.0,18.0,Велика Васильківська,"Голосіївський, Шевченківський, Печерський"
46500.0,2.0,1011.0,5.0,5.0,1963.0,46.0,31.0,7.0,8.0,Вишгородська,"Подільський, Оболонський"
