Price,rooms,price_per_m2,level,levels,year,area_total,area_living,area_kitchen,street,district,area_comfort
140000.0,2.0,2258.0,7.0,9.0,1969.0,62.0,47.0,9.0,Омеляновича-Павленка,Оболонський,6.0
105000.0,4.0,847.0,25.0,26.0,2018.0,124.0,71.0,16.0,Ованеса Туманяна,Оболонський,37.0
175000.0,3.0,1786.0,25.0,26.0,2010.0,98.0,37.0,14.0,Ованеса Туманяна,Оболонський,47.0
30970.0,1.0,1106.0,12.0,13.0,2013.0,28.0,13.0,5.0,Петропавлівська,Оболонський,10.0
82000.0,2.0,1281.0,18.0,26.0,2010.0,64.0,37.0,14.0,Дніпровська,Оболонський,13.0
168535.7,3.0,1872.6,4.0,9.0,1966.0,90.0,45.0,10.0,Саксаганського,"Голосіївський, Печерський, Шевченківський",35.0
4500000.0,4.0,14610.0,18.0,21.0,2011.0,308.0,37.0,14.0,Івана Мазепи,Оболонський,257.0
135000.0,2.0,2077.0,16.0,23.0,2012.0,65.0,25.0,18.0,Дніпровська,Оболонський,22.0
120000.0,1.0,2500.0,8.0,25.0,2012.0,48.0,18.0,16.0,Ділова,"Голосіївський, Печерський",14.0
57500.0,3.0,625.0,9.0,9.0,1970.0,92.0,37.0,14.0,Новодарницька,Дарницький,41.0
98000.0,2.0,1633.0,21.0,34.0,2014.0,60.0,41.0,27.0,Ревуцького,Дарницький,-8.0
170000.0,3.0,1735.0,16.0,22.0,2018.0,98.0,48.0,35.0,Липківського,Подільський,15.0
320000.0,5.0,1963.0,23.0,25.0,2017.0,163.0,100.0,14.0,Бендукідзе,Подільський,49.0
65000.0,1.0,2600.0,1.0,3.0,2010.0,25.0,20.0,3.0,Введенська,Подільський,2.0
125000.0,2.0,2778.0,6.0,9.0,1965.0,45.0,37.0,14.0,Виноградний,Печерський,-6.0
48000.0,1.0,849.0,22.0,25.0,2010.0,69.0,40.0,10.0,Кайсарова,"Голосіївський,Солом'янський",19.0
70000.0,1.0,1273.0,26.0,27.0,2004.0,55.0,22.0,12.0,Ахматової,Оболонський,21.0
75000.0,3.0,1005.0,4.0,26.0,2010.0,69.0,37.0,14.0,Радченка,Оболонський,18.0
84000.0,2.0,1273.0,6.0,26.0,2010.0,66.0,37.0,18.0,Дніпровська,Оболонський,11.0
175000.0,1.0,1725.8,7.0,25.0,2012.0,69.0,37.0,14.0,Ділова,"Голосіївський, Печерський",18.0
63000.0,3.0,900.0,7.0,10.0,1987.0,70.0,44.0,14.0,Бориспільська,Дарницький,12.0
390000.0,3.0,3000.0,11.0,28.0,2013.0,130.0,48.0,66.0,Болсуновська,Печерський,16.0
335000.0,3.0,3160.0,24.0,28.0,2017.0,106.0,55.0,24.0,Українки,Оболонський,27.0
320000.0,3.0,3137.0,15.0,24.0,2016.0,102.0,70.0,20.0,Антонова,Оболонський,12.0
140000.0,2.0,2258.0,7.0,9.0,1969.0,62.0,47.0,9.0,Омеляновича-Павленка,Оболонський,6.0
105000.0,4.0,847.0,25.0,26.0,2018.0,124.0,71.0,16.0,Ованеса Туманяна,Оболонський,37.0
175000.0,3.0,1786.0,25.0,26.0,2010.0,98.0,37.0,14.0,Ованеса Туманяна,Оболонський,47.0
30970.0,1.0,1106.0,12.0,13.0,2013.0,28.0,13.0,5.0,Петропавлівська,Оболонський,10.0
82000.0,2.0,1281.0,18.0,26.0,2010.0,64.0,37.0,14.0,Дніпровська,Оболонський,13.0
168535.7,3.0,1872.6,4.0,9.0,1966.0,90.0,45.0,10.0,Саксаганського,"Голосіївський, Печерський, Шевченківський",35.0
4500000.0,4.0,14610.0,18.0,21.0,2011.0,308.0,37.0,14.0,Івана Мазепи,Оболонський,257.0
135000.0,2.0,2077.0,16.0,23.0,2012.0,65.0,25.0,18.0,Дніпровська,Оболонський,22.0
120000.0,1.0,2500.0,8.0,25.0,2012.0,48.0,18.0,16.0,Ділова,"Голосіївський, Печерський",14.0
57500.0,3.0,625.0,9.0,9.0,1970.0,92.0,37.0,14.0,Новодарницька,Дарницький,41.0
98000.0,2.0,1633.0,21.0,34.0,2014.0,60.0,41.0,27.0,Ревуцького,Дарницький,-8.0
170000.0,3.0,1735.0,16.0,22.0,2018.0,98.0,48.0,35.0,Липківського,Подільський,15.0
320000.0,5.0,1963.0,23.0,25.0,2017.0,163.0,100.0,14.0,Бендукідзе,Подільський,49.0
65000.0,1.0,2600.0,1.0,3.0,2010.0,25.0,20.0,3.0,Введенська,Подільський,2.0
125000.0,2.0,2778.0,6.0,9.0,1965.0,45.0,37.0,14.0,Виноградний,Печерський,-6.0
48000.0,1.0,849.0,22.0,25.0,2010.0,69.0,40.0,10.0,Кайсарова,"Голосіївський,Солом'янський",19.0
70000.0,1.0,1273.0,26.0,27.0,2004.0,55.0,22.0,12.0,Ахматової,Оболонський,21.0
75000.0,3.0,1005.0,4.0,26.0,2010.0,69.0,37.0,14.0,Радченка,Оболонський,18.0
84000.0,2.0,1273.0,6.0,26.0,2010.0,66.0,37.0,18.0,Дніпровська,Оболонський,11.0
175000.0,1.0,1725.8,7.0,25.0,2012.0,69.0,37.0,14.0,Ділова,"Голосіївський, Печерський",18.0
63000.0,3.0,900.0,7.0,10.0,1987.0,70.0,44.0,14.0,Бориспільська,Дарницький,12.0
390000.0,3.0,3000.0,11.0,28.0,2013.0,130.0,48.0,66.0,Болсуновська,Печерський,16.0
335000.0,3.0,3160.0,24.0,28.0,2017.0,106.0,55.0,24.0,Українки,Голосіївський,27.0
320000.0,3.0,3137.0,15.0,24.0,2016.0,102.0,70.0,20.0,Антонова,Голосіївський,12.0
118000.0,2.0,1311.0,15.0,25.0,1959.0,90.0,41.0,13.0,Науки,Голосіївський,36.0
159990.0,4.0,1437.0,6.0,10.0,2016.0,69.0,37.0,30.0,Метрологічна,Голосіївський,2.0
85000.0,3.0,1417.0,2.0,5.0,1961.0,60.0,44.0,6.0,Дружби Народів,Печерський,10.0
155022.2,1.0,2541.3,8.0,19.0,2010.0,61.0,37.0,14.0,*** not found,Голосіївський,10.0
590000.0,3.0,5900.0,8.0,19.0,2010.0,100.0,37.0,14.0,Драгомирова,Голосіївський,49.0
84000.0,2.0,1333.0,2.0,16.0,2016.0,63.0,32.0,15.0,Данченка,Голосіївський,16.0
35000.0,2.0,778.0,1.0,2.0,2010.0,45.0,37.0,14.0,Кримська,Голосіївський,-6.0
63000.0,2.0,969.0,4.0,25.0,2010.0,65.0,31.0,13.0,Новопольова,Солом'янський,21.0
40000.0,2.0,870.0,3.0,5.0,1963.0,46.0,30.0,8.0,Туполєва,Оболонський,8.0
42654.8,1.0,1375.9,8.0,19.0,2010.0,31.0,37.0,14.0,*** not found,Оболонський,-20.0
60000.0,1.0,1463.0,2.0,26.0,2010.0,41.0,37.0,14.0,Дніпровська,Оболонський,-10.0
130000.0,2.0,1625.0,6.0,25.0,2010.0,80.0,37.0,14.0,Перемоги,Шевченківський,29.0
346500.0,2.0,4500.0,7.0,24.0,2019.0,77.0,38.0,20.0,Івана Федорова,"Деснянський, Дніпровський",19.0
46998.0,2.0,1000.0,5.0,5.0,1968.0,47.0,35.0,8.0,Братиславська,"Деснянський, Дніпровський",4.0
10092.1,1.0,672.8,8.0,19.0,2010.0,15.0,37.0,14.0,*** not found,Дарницький,-36.0
29256.6,1.0,978.5,1.0,5.0,2010.0,69.0,37.0,14.0,Червоноткацька,Дарницький,18.0
166000.0,1.0,3532.0,2.0,9.0,2010.0,47.0,22.0,16.0,Златоустівська,Дарницький,9.0
115000.0,4.0,1369.0,5.0,9.0,1970.0,84.0,35.0,9.0,Бойченка,Дарницький,40.0
298000.0,3.0,2249.0,11.0,23.0,2016.0,69.0,37.0,14.0,Трускавецька,Дарницький,18.0
43100.0,1.0,1390.0,8.0,26.0,2018.0,31.0,16.0,5.0,Каховська,Дніпровський,10.0
179900.0,4.0,1475.0,19.0,27.0,2010.0,122.0,37.0,14.0,Лобановського,Голосіївський,71.0
96255.3,1.0,1504.0,8.0,19.0,2010.0,64.0,37.0,14.0,*** not found,Голосіївський,13.0
56500.0,3.0,926.0,6.0,9.0,1970.0,61.0,40.0,7.0,Курчатова,Голосіївський,14.0
110000.0,1.0,1930.0,19.0,25.0,2008.0,57.0,37.0,14.0,Голосіївська,Голосіївський,6.0
47000.0,1.0,1146.0,5.0,16.0,1990.0,41.0,10.0,16.0,Тираспольська,Подільський,15.0
90000.0,2.0,2195.0,1.0,9.0,2010.0,41.0,28.0,6.0,Лаврська,Печерський,7.0
44980.0,1.0,1249.0,19.0,25.0,2017.0,36.0,16.0,14.0,Правди,Подільський,6.0
58000.0,4.0,921.0,5.0,9.0,1968.0,63.0,40.0,7.0,Миколайчука,Оболонський,16.0
63000.0,3.0,863.0,5.0,9.0,1982.0,73.0,41.0,9.0,Порика,Оболонський,23.0
29256.6,1.0,978.5,1.0,5.0,2010.0,69.0,37.0,14.0,Червоноткацька,Оболонський,18.0
136000.0,1.0,3022.0,6.0,23.0,2015.0,45.0,15.0,17.0,Маккейна,Оболонський,13.0
73860.0,2.0,1319.0,5.0,9.0,2010.0,56.0,30.0,9.0,Йорданська,Оболонський,17.0
160000.0,2.0,2712.0,18.0,24.0,2019.0,59.0,37.0,20.0,Тютюнника,Дніпровський,2.0
135000.0,3.0,1588.0,8.0,10.0,2015.0,85.0,49.0,12.0,Регенераторна,Дніпровський,24.0
120000.0,1.0,2400.0,12.0,23.0,2015.0,50.0,18.0,15.0,Зарічна,Дарницький,17.0
58990.0,1.0,1450.0,3.0,34.0,2010.0,69.0,16.0,10.0,Заболотного,"Дніпровський, Деснянський",43.0
90000.0,4.0,1059.0,4.0,10.0,1994.0,85.0,37.0,14.0,Курнатовського,"Дніпровський, Деснянський",34.0
187000.0,3.0,1562.0,2.0,5.0,1934.0,69.0,37.0,14.0,Інститутська,Печерський,18.0
88000.0,2.0,1222.0,16.0,25.0,2020.0,72.0,37.0,15.0,Маланюка,Печерський,20.0
102000.0,2.0,1619.0,10.0,16.0,2019.0,63.0,26.0,22.0,Гречка,Печерський,15.0
110000.0,1.0,1833.0,14.0,24.0,2018.0,60.0,21.0,15.0,Липківського,Печерський,24.0
160000.0,2.0,3077.0,3.0,24.0,2015.0,52.0,13.0,18.0,Маккейна,Печерський,21.0
225000.0,5.0,1500.0,23.0,24.0,2008.0,150.0,78.0,18.0,Григоренка,Печерський,54.0
75000.0,2.0,1562.0,4.0,9.0,1966.0,48.0,30.0,7.0,Коновальця,Печерський,11.0
59860.0,3.0,798.0,3.0,9.0,2010.0,75.0,40.0,9.0,Закревського,Печерський,26.0
43161.0,2.0,732.0,13.0,18.0,2010.0,59.0,30.0,16.0,*** not found,Печерський,13.0
140000.0,2.0,1842.0,13.0,18.0,1991.0,76.0,39.0,14.0,Старонаводницька,Печерський,23.0
78000.0,1.0,1418.0,7.0,26.0,2010.0,55.0,15.0,18.0,Маланюка,Печерський,22.0
230000.0,2.0,2771.0,6.0,7.0,1915.0,83.0,45.0,11.0,Заньковецької,Печерський,27.0
178000.0,2.0,2373.0,2.0,16.0,2010.0,75.0,37.0,21.0,Кудрявська,Шевченківський,17.0
63000.0,3.0,900.0,23.0,23.0,2010.0,70.0,35.0,14.0,Українки,Деснянський,21.0
495000.0,3.0,4420.0,11.0,32.0,2017.0,112.0,45.0,54.0,Українки,Деснянський,13.0
45900.0,2.0,478.0,31.0,34.0,2010.0,96.0,62.0,16.0,Милославська,Деснянський,18.0
33000.0,1.0,1000.0,14.0,24.0,2010.0,33.0,16.0,5.0,Милославська,Деснянський,12.0
66500.0,3.0,1147.0,3.0,5.0,1961.0,58.0,42.0,7.0,Донця,Оболонський,9.0
119900.0,3.0,1462.0,8.0,12.0,2002.0,82.0,48.0,14.0,Верховинця,Оболонський,20.0
145000.0,4.0,1381.0,1.0,9.0,1977.0,105.0,80.0,12.0,Героїв Дніпра,Оболонський,13.0
118000.0,3.0,1494.0,17.0,25.0,2018.0,79.0,36.0,35.0,Каховська,Дніпровський,8.0
41000.0,1.0,1323.0,21.0,26.0,2018.0,31.0,12.0,8.0,Каховська,Дніпровський,11.0
59899.0,2.0,1070.0,8.0,10.0,1995.0,56.0,34.0,8.0,Вишняківська,Дарницький,14.0
177000.0,2.0,2565.0,3.0,4.0,2010.0,69.0,41.0,8.0,Липська,Дарницький,20.0
63000.0,1.0,1286.0,11.0,25.0,2019.0,49.0,16.0,16.0,Сверстюка,Дарницький,17.0
499000.0,3.0,4229.0,8.0,19.0,2010.0,118.0,37.0,14.0,Драгомирова,Дарницький,67.0
49500.0,1.0,1269.0,19.0,26.0,2010.0,39.0,17.0,11.0,Причальна,Дарницький,11.0
275000.0,2.0,4435.0,22.0,28.0,2013.0,62.0,30.0,20.0,Болсуновська,Печерський,12.0
93000.0,3.0,1336.0,13.0,14.0,1994.0,69.0,48.0,14.0,Повітрофлотський,"Шевченківський, Солом'янський",7.0
87500.0,2.0,1306.0,20.0,25.0,2015.0,67.0,37.0,14.0,Драгоманова,Дарницький,16.0
110000.0,3.0,1325.0,4.0,24.0,2008.0,83.0,37.0,30.0,Григоренка,Оболонський,16.0
900000.0,4.0,3600.0,23.0,24.0,2012.0,250.0,37.0,14.0,Дніпровська,Оболонський,199.0
86000.0,1.0,2205.0,3.0,8.0,2014.0,39.0,37.0,14.0,Жабаєва,Подільський,-12.0
335000.0,3.0,2577.0,9.0,14.0,2014.0,130.0,60.0,60.0,Філатова,Подільський,10.0
67000.0,2.0,971.0,3.0,26.0,2021.0,69.0,25.0,21.0,Правди,Подільський,23.0
90000.0,2.0,1800.0,4.0,4.0,1896.0,50.0,37.0,6.0,Малопідвальна,Шевченківський,7.0
101500.0,1.0,2307.0,8.0,11.0,2010.0,44.0,22.0,13.0,Бойчука,Дарницький,9.0
104000.0,3.0,1169.0,18.0,26.0,2010.0,89.0,37.0,40.0,Зарічна,Дарницький,12.0
190000.0,2.0,3167.0,9.0,21.0,2017.0,60.0,37.0,25.0,Предславинська,Печерський,-2.0
3600000.0,6.0,8000.0,25.0,25.0,2011.0,450.0,288.0,45.0,Івана Мазепи,Печерський,117.0
63000.0,2.0,1033.0,10.0,26.0,2010.0,61.0,28.0,12.0,Радченка,Печерський,21.0
680000.0,7.0,2369.0,21.0,21.0,2010.0,287.0,177.0,14.0,Лабораторний,Печерський,96.0
139000.0,2.0,1829.0,20.0,21.0,2018.0,76.0,31.0,19.0,Конєва,Оболонський,26.0
347700.0,4.0,1900.0,4.0,25.0,2011.0,183.0,100.0,17.0,Шаповала,Оболонський,66.0
85000.0,2.0,1328.0,4.0,24.0,2010.0,64.0,30.0,20.0,Дніпровська,Оболонський,14.0
35600.0,1.0,989.0,10.0,26.0,2010.0,36.0,15.0,12.0,Клеманська,Дарницький,9.0
85000.0,3.0,1133.0,9.0,15.0,1999.0,75.0,42.0,8.0,Григоренка,Печерський,25.0
46000.0,1.0,1022.0,4.0,5.0,1963.0,45.0,37.0,10.0,Туполєва,Печерський,-2.0
125000.0,2.0,2358.0,3.0,4.0,1860.0,53.0,42.0,5.0,Хмельницького,Печерський,6.0
530000.0,3.0,3926.0,4.0,15.0,2017.0,135.0,50.0,40.0,Саперне Поле,Печерський,45.0
229000.0,3.0,2140.0,7.0,25.0,2007.0,107.0,50.0,14.0,Героїв Сталінграда,Оболонський,43.0
117000.0,3.0,1401.0,14.0,26.0,2010.0,69.0,37.0,14.0,Дніпровська,Оболонський,18.0
110000.0,2.0,2000.0,3.0,9.0,1971.0,55.0,37.0,14.0,Тарасівська,Голосіївський,4.0
92900.0,3.0,1021.0,4.0,5.0,1956.0,91.0,56.0,11.0,Краківська,Дніпровський,24.0
77500.0,1.0,1845.0,5.0,9.0,2018.0,42.0,17.0,15.0,Юнацька,Святошинський,10.0
40500.0,1.0,1067.0,4.0,26.0,2010.0,69.0,37.0,14.0,Клеманська,Дарницький,18.0
136000.0,3.0,1462.0,2.0,16.0,1998.0,93.0,50.0,28.0,Героїв Сталінграда,Оболонський,15.0
499000.0,3.0,4229.0,8.0,19.0,2010.0,118.0,37.0,14.0,Драгомирова,Дарницький,67.0
220000.0,2.0,2619.0,3.0,8.0,1948.0,84.0,52.0,13.0,*** not found,Дарницький,19.0
125000.0,3.0,1147.0,23.0,26.0,2011.0,109.0,83.0,16.0,Драгоманова,Дарницький,10.0
100000.0,2.0,1818.0,8.0,19.0,1958.0,55.0,37.0,14.0,Українки,Деснянський,4.0
80000.0,1.0,2581.0,22.0,25.0,2018.0,31.0,14.0,14.0,Тимошенка,Деснянський,3.0
57000.0,3.0,851.0,5.0,9.0,1985.0,67.0,37.0,14.0,Маяковського,Деснянський,16.0
170000.0,2.0,1932.0,3.0,9.0,2005.0,88.0,44.0,22.0,Дмитрівська,Шевченківський,22.0
59750.0,2.0,996.0,14.0,15.0,1980.0,60.0,53.0,10.0,Курбаса,Дарницький,-3.0
42678.6,1.0,1094.3,16.0,16.0,2010.0,39.0,12.0,14.0,Комарова,Дарницький,13.0
92000.0,2.0,1227.0,2.0,25.0,2015.0,75.0,38.0,15.0,Драгоманова,Дарницький,22.0
115000.0,2.0,1597.0,4.0,32.0,2019.0,72.0,37.0,14.0,Драгомирова,Деснянський,21.0
54000.0,1.0,1227.0,18.0,25.0,2019.0,44.0,37.0,14.0,Моторний,Деснянський,-7.0
45500.0,1.0,929.0,2.0,9.0,1995.0,49.0,14.0,24.0,Милославська,Деснянський,11.0
91500.0,1.0,2288.0,11.0,11.0,2020.0,40.0,20.0,12.0,Бойчука,Шевченківський,8.0
60500.0,3.0,818.0,4.0,9.0,1990.0,74.0,37.0,14.0,Закревського,Шевченківський,23.0
250000.0,1.0,4630.0,7.0,25.0,2019.0,54.0,15.0,20.0,Івана Федорова,Шевченківський,19.0
78000.0,2.0,1773.0,3.0,9.0,1966.0,44.0,37.0,14.0,Філатова,Шевченківський,-7.0
130000.0,2.0,1625.0,6.0,25.0,2010.0,80.0,37.0,14.0,Перемоги,Шевченківський,29.0
84999.0,4.0,885.0,7.0,16.0,1986.0,96.0,37.0,13.0,Миропільська,"Деснянський, Дніпровський",46.0
83000.0,3.0,856.0,1.0,22.0,2007.0,97.0,65.0,14.0,Григоренка,Святошинський,18.0
129999.0,2.0,2063.0,6.0,9.0,2018.0,63.0,30.0,15.0,Юнацька,Святошинський,18.0
70000.0,3.0,729.0,4.0,4.0,1946.0,96.0,37.0,14.0,Вишгородська,"Подільський, Оболонський",45.0
36000.0,1.0,1200.0,5.0,9.0,2010.0,30.0,13.0,10.0,Жолудєва,Святошинський,7.0
210000.0,3.0,1409.0,7.0,12.0,2001.0,149.0,87.0,16.0,Павлівська,Шевченківський,46.0
85900.0,3.0,1263.0,6.0,8.0,1964.0,68.0,47.0,6.0,Голосіївський,Голосіївський,15.0
108000.0,1.0,2160.0,2.0,25.0,2019.0,50.0,30.0,10.0,Осокорська,Дарницький,10.0
120000.0,3.0,1395.0,10.0,24.0,2010.0,86.0,40.0,17.0,Вишгородська,"Подільський, Оболонський",29.0
221000.0,2.0,3400.0,8.0,10.0,2010.0,65.0,37.0,14.0,Драгомирова,Оболонський,14.0
60000.0,1.0,1818.0,5.0,5.0,1962.0,33.0,37.0,16.0,Тютюнника,Оболонський,-20.0
165000.0,2.0,2845.0,6.0,24.0,2015.0,58.0,25.0,22.0,Маккейна,Оболонський,11.0
200000.0,5.0,1481.0,4.0,4.0,1917.0,135.0,37.0,14.0,Івана Мазепи,Оболонський,84.0
145000.0,2.0,1933.0,5.0,24.0,2007.0,75.0,44.0,14.0,Героїв Сталінграда,Оболонський,17.0
199000.0,3.0,2488.0,2.0,25.0,2018.0,80.0,33.0,22.0,Липківського,Святошинський,25.0
186117.4,1.0,3579.2,8.0,19.0,2010.0,52.0,37.0,14.0,*** not found,Святошинський,1.0
199000.0,2.0,2073.0,10.0,25.0,2005.0,96.0,43.0,16.0,Коновальця,Святошинський,37.0
50700.0,1.0,1300.0,6.0,14.0,2019.0,39.0,25.0,8.0,Максимовича,Святошинський,6.0
185000.0,2.0,2256.0,5.0,21.0,2015.0,82.0,61.0,12.0,Зарічна,Дарницький,9.0
152000.0,2.0,1667.0,24.0,25.0,2008.0,69.0,41.0,14.0,Голосіївська,Голосіївський,14.0
92000.0,3.0,965.0,1.0,25.0,2010.0,69.0,48.0,16.0,Ясинуватський,Голосіївський,5.0
49387.4,1.0,881.9,8.0,19.0,2010.0,56.0,37.0,14.0,*** not found,Подільський,5.0
56500.0,1.0,1749.0,5.0,7.0,2019.0,69.0,21.0,5.0,Колоса,Подільський,43.0
80000.0,1.0,2105.0,11.0,21.0,2017.0,38.0,12.0,15.0,Правди,Подільський,11.0
480000.0,4.0,2609.0,5.0,6.0,1915.0,184.0,108.0,34.0,Велика Васильківська,"Голосіївський, Шевченківський, Печерський",42.0
59000.0,2.0,1157.0,2.0,12.0,1981.0,51.0,37.0,14.0,Голосіївський,Голосіївський,0.0
149632.1,1.0,3183.6,8.0,19.0,2010.0,47.0,37.0,14.0,*** not found,Дніпровський,-4.0
147075.0,2.0,2228.0,9.0,11.0,2010.0,66.0,37.0,14.0,Бойчука,Дніпровський,15.0
86860.0,2.0,905.0,10.0,10.0,2017.0,96.0,44.0,23.0,Центральна,Дніпровський,29.0
97000.0,2.0,1260.0,16.0,22.0,2018.0,77.0,37.0,14.0,Ясинуватський,Голосіївський,26.0
55000.0,2.0,1222.0,13.0,16.0,1980.0,45.0,37.0,11.0,Райдужна,Дніпровський,-3.0
138000.0,2.0,1811.0,3.0,15.0,2014.0,69.0,37.0,14.0,Ломоносова,Голосіївський,18.0
105000.0,2.0,1504.0,4.0,25.0,2014.0,69.0,37.0,14.0,*** not found,Печерський,18.0
66016.1,1.0,1784.2,8.0,19.0,2010.0,37.0,37.0,14.0,*** not found,Печерський,-14.0
284000.0,2.0,2812.0,7.0,11.0,2004.0,101.0,37.0,14.0,Гусовського,Печерський,50.0
155000.0,3.0,1550.0,13.0,23.0,2006.0,100.0,37.0,14.0,Окіпної,Шевченківський,49.0
49899.0,1.0,1386.0,1.0,9.0,1978.0,36.0,18.0,7.0,Багговутівська,Шевченківський,11.0
95000.0,2.0,1696.0,9.0,9.0,1966.0,56.0,34.0,8.0,Дружби Народів,Печерський,14.0
380000.0,3.0,3585.0,9.0,21.0,2019.0,106.0,37.0,14.0,Маккейна,Солом'янський,55.0
46000.0,2.0,913.0,1.0,4.0,2010.0,69.0,30.0,12.0,Маланюка,Солом'янський,27.0
60150.0,1.0,1504.0,21.0,26.0,2010.0,40.0,14.0,20.0,Михайла Котельникова,Солом'янський,6.0
185000.0,3.0,1745.0,8.0,25.0,2016.0,106.0,37.0,38.0,Героїв Севастополя,Солом'янський,31.0
81000.0,2.0,964.0,18.0,26.0,2020.0,84.0,37.0,17.0,Маланюка,Печерський,30.0
620000.0,3.0,4769.0,4.0,15.0,2017.0,130.0,66.0,16.0,Саперне Поле,Печерський,48.0
48700.0,1.0,991.0,19.0,25.0,2010.0,69.0,37.0,14.0,Балтійський,Оболонський,18.0
234000.0,3.0,2000.0,7.0,15.0,2010.0,117.0,76.0,12.0,Кудрявська,Шевченківський,29.0
135000.0,2.0,2523.0,28.0,34.0,2018.0,69.0,37.0,14.0,Перемоги,Шевченківський,18.0
130000.0,2.0,2600.0,1.0,5.0,1964.0,50.0,37.0,12.0,Німанська,Печерський,1.0
54100.0,1.0,1339.0,4.0,26.0,2018.0,69.0,37.0,14.0,Каховська,Дніпровський,18.0
239000.0,3.0,3025.0,3.0,7.0,1954.0,79.0,44.0,13.0,Малопідвальна,Шевченківський,22.0
140000.0,2.0,2188.0,10.0,14.0,2010.0,64.0,34.0,15.0,Невська,Святошинський,15.0
128000.0,2.0,2612.0,5.0,14.0,2015.0,49.0,14.0,17.0,Златоустівська,Святошинський,18.0
31000.0,1.0,1107.0,9.0,9.0,1986.0,28.0,13.0,6.0,Берковецька,Святошинський,9.0
41187.0,1.0,936.0,3.0,13.0,2010.0,44.0,19.0,11.0,Берковецька,Святошинський,14.0
120000.0,3.0,1188.0,11.0,16.0,1998.0,101.0,37.0,14.0,Бажана,"Голосіївський, Печерський",50.0
740000.0,1.0,2772.0,20.0,24.0,2019.0,267.0,150.0,75.0,Антоновича,"Голосіївський, Печерський",42.0
180000.0,3.0,2400.0,3.0,8.0,1990.0,75.0,41.0,9.0,*** not found,Дніпровський,25.0
63000.0,3.0,900.0,1.0,9.0,1973.0,70.0,41.0,8.0,Гречка,Дніпровський,21.0
126000.0,2.0,1658.0,15.0,32.0,2020.0,76.0,41.0,14.0,Микільсько-Слобідська,Дніпровський,21.0
80000.0,2.0,1067.0,6.0,26.0,2010.0,75.0,27.0,21.0,Правди,Подільський,27.0
98000.0,1.0,1750.0,8.0,19.0,2018.0,56.0,22.0,19.0,Тимошенка,Святошинський,15.0
150000.0,2.0,1807.0,16.0,23.0,2003.0,83.0,37.0,14.0,Павла Тичини,Святошинський,32.0
100000.0,3.0,1000.0,8.0,17.0,2003.0,100.0,64.0,14.0,Олевська,Святошинський,22.0
120000.0,3.0,1237.0,2.0,21.0,2016.0,97.0,52.0,20.0,Освіти,Солом'янський,25.0
41000.0,1.0,1464.0,9.0,9.0,1969.0,28.0,17.0,5.0,Іллєнка,Оболонський,6.0
135000.0,1.0,1552.0,15.0,22.0,2012.0,87.0,15.0,40.0,Дніпровська,Оболонський,32.0
155000.0,3.0,1742.0,4.0,4.0,1917.0,89.0,37.0,13.0,Івана Мазепи,Дніпровський,39.0
90000.0,3.0,1286.0,5.0,16.0,1974.0,70.0,46.0,7.0,Українки,Дніпровський,17.0
132000.0,2.0,1347.0,1.0,6.0,2016.0,98.0,32.0,18.0,Данченка,Дніпровський,48.0
185000.0,3.0,2011.0,18.0,25.0,2017.0,92.0,37.0,14.0,Тбіліський,Дніпровський,41.0
70500.0,2.0,1203.0,20.0,26.0,2020.0,69.0,28.0,14.0,Каховська,Дніпровський,27.0
87000.0,3.0,915.0,9.0,19.0,2019.0,69.0,52.0,14.0,Ушинського,Солом'янський,3.0
185000.0,3.0,1637.0,8.0,24.0,2007.0,113.0,37.0,14.0,Урлівська,Дарницький,62.0
49860.0,2.0,997.0,2.0,9.0,1974.0,50.0,30.0,6.0,Світлицького,Подільський,14.0
100000.0,2.0,1408.0,15.0,23.0,2007.0,71.0,30.0,12.0,Дніпровська,Оболонський,29.0
90000.0,1.0,1800.0,3.0,25.0,2010.0,50.0,25.0,14.0,Липківського,Дніпровський,11.0
152000.0,2.0,1949.0,14.0,30.0,2020.0,78.0,37.0,12.0,Микільсько-Слобідська,Дніпровський,29.0
159900.0,3.0,1259.0,15.0,25.0,2007.0,127.0,77.0,14.0,Лобановського,Оболонський,36.0
280000.0,3.0,2137.0,8.0,9.0,2005.0,131.0,75.0,25.0,Героїв Сталінграда,Оболонський,31.0
85000.0,1.0,1545.0,6.0,25.0,2007.0,55.0,24.0,13.0,Дніпровська,Оболонський,18.0
67000.0,2.0,1098.0,13.0,15.0,1994.0,61.0,31.0,9.0,Драгоманова,Дарницький,21.0
59000.0,1.0,1224.0,16.0,25.0,2010.0,69.0,37.0,14.0,Ахматової,Печерський,18.0
420000.0,2.0,4667.0,5.0,18.0,2017.0,90.0,37.0,14.0,Саперне Поле,Печерський,39.0
65000.0,2.0,1048.0,15.0,17.0,2018.0,62.0,34.0,12.0,Данченка,Голосіївський,16.0
63000.0,3.0,1125.0,5.0,5.0,1965.0,56.0,42.0,6.0,Голосіївський,Голосіївський,8.0
95000.0,1.0,2568.0,5.0,11.0,1967.0,37.0,22.0,7.0,*** not found,Шевченківський,8.0
100000.0,2.0,1562.0,8.0,20.0,2010.0,64.0,31.0,18.0,Глибочицька,Шевченківський,15.0
165000.0,4.0,1213.0,11.0,12.0,2019.0,136.0,100.0,30.0,Багговутівська,Шевченківський,6.0
150000.0,3.0,2239.0,3.0,5.0,1917.0,67.0,42.0,14.0,Саксаганського,"Голосіївський, Печерський, Шевченківський",11.0
64000.0,2.0,914.0,7.0,25.0,2010.0,70.0,36.0,10.0,Моторний,Оболонський,24.0
73860.0,2.0,1319.0,5.0,9.0,2010.0,56.0,30.0,9.0,Йорданська,Оболонський,17.0
295000.0,2.0,4275.0,5.0,15.0,2019.0,69.0,49.0,20.0,Саперне Поле,Печерський,0.0
55000.0,1.0,965.0,10.0,25.0,2018.0,57.0,20.0,16.0,Вернадського,Шевченківський,21.0
79900.0,3.0,1051.0,7.0,10.0,1997.0,76.0,40.0,12.0,Курбаса,Шевченківський,24.0
100000.0,1.0,2273.0,3.0,11.0,2019.0,44.0,37.0,10.0,Багговутівська,Шевченківський,-3.0
122000.0,2.0,1679.0,4.0,9.0,2010.0,69.0,37.0,14.0,Набережно-Рибальська,Подільський,18.0
145000.0,2.0,1933.0,4.0,4.0,1899.0,75.0,42.0,10.0,Саксаганського,"Голосіївський, Печерський, Шевченківський",23.0
133000.0,3.0,1385.0,20.0,25.0,2015.0,96.0,50.0,16.0,Малиновського,Солом'янський,30.0
143000.0,3.0,1486.0,4.0,9.0,2011.0,69.0,40.0,30.0,Протасів Яр,Солом'янський,-1.0
62000.0,2.0,1378.0,2.0,5.0,1968.0,45.0,30.0,7.0,Німанська,Печерський,8.0
95000.0,3.0,1397.0,3.0,9.0,2010.0,68.0,40.0,8.0,Підвисоцького,Святошинський,20.0
38000.0,1.0,1152.0,4.0,9.0,1970.0,33.0,17.0,8.0,Зодчих,Святошинський,8.0
52500.0,2.0,1050.0,9.0,9.0,1973.0,50.0,30.0,14.0,Рокосовського,Печерський,6.0
229000.0,2.0,3181.0,5.0,6.0,1935.0,72.0,42.0,10.0,Шовковична,Печерський,20.0
62000.0,1.0,1550.0,7.0,26.0,2017.0,40.0,17.0,11.0,Крушельницької,Солом'янський,12.0
70000.0,2.0,1006.0,23.0,25.0,2010.0,69.0,37.0,14.0,Новопольова,Солом'янський,18.0
45000.0,1.0,1125.0,11.0,26.0,2010.0,40.0,17.0,10.0,Визволителів,Дніпровський,13.0
70000.0,3.0,875.0,5.0,6.0,2010.0,80.0,54.0,8.0,Сонячна,Шевченківський,18.0
158000.0,2.0,2135.0,24.0,25.0,2014.0,74.0,38.0,15.0,Сікорського,Шевченківський,21.0
58900.0,2.0,950.0,14.0,25.0,2010.0,62.0,37.0,12.0,Радченка,Шевченківський,13.0
104700.0,1.0,2380.0,14.0,19.0,2020.0,44.0,18.0,11.0,Бульварно-Кудрявська,Шевченківський,15.0
37000.0,1.0,925.0,11.0,25.0,2010.0,40.0,37.0,10.0,Кайсарова,"Голосіївський,Солом'янський",-7.0
85000.0,2.0,1328.0,4.0,24.0,2010.0,64.0,30.0,20.0,Дніпровська,Оболонський,14.0
46000.0,3.0,767.0,1.0,5.0,1965.0,60.0,40.0,8.0,Перова,Дніпровський,12.0
150000.0,3.0,1500.0,4.0,25.0,2016.0,100.0,53.0,15.0,Глушкова,Голосіївський,32.0
52500.0,2.0,1050.0,9.0,9.0,1973.0,50.0,30.0,14.0,Рокосовського,Голосіївський,6.0
120000.0,2.0,1379.0,20.0,25.0,2013.0,87.0,40.0,20.0,Саперно-Слобідська,Голосіївський,27.0
38000.0,1.0,1118.0,4.0,9.0,1979.0,34.0,18.0,7.0,Миколи Кибальчича,"Голосіївський, Печерський",9.0
45000.0,3.0,750.0,9.0,9.0,1980.0,60.0,40.0,7.0,Миколи Ушакова,"Голосіївський, Печерський",13.0
250000.0,3.0,1538.0,10.0,22.0,2001.0,69.0,50.0,20.0,Антоновича,"Голосіївський, Печерський",-1.0
185000.0,3.0,1745.0,18.0,25.0,2014.0,106.0,37.0,14.0,Богданівська,Солом'янський,55.0
68000.0,2.0,1030.0,10.0,26.0,2020.0,66.0,27.0,24.0,Сверстюка,Дарницький,15.0
57000.0,1.0,1295.0,9.0,25.0,2019.0,44.0,37.0,16.0,Сверстюка,Дарницький,-9.0
52500.0,2.0,721.0,7.0,25.0,2021.0,69.0,30.0,18.0,Ревуцького,Дарницький,21.0
250000.0,4.0,1923.0,7.0,22.0,2010.0,130.0,50.0,50.0,Ованеса Туманяна,Печерський,30.0
540000.0,4.0,4000.0,4.0,14.0,2019.0,135.0,37.0,14.0,Саперне Поле,Печерський,84.0
120000.0,3.0,945.0,12.0,16.0,1997.0,127.0,37.0,14.0,Григоренка,Оболонський,76.0
55999.0,1.0,1400.0,13.0,14.0,2020.0,40.0,22.0,6.0,Гречка,Оболонський,12.0
68800.0,3.0,1110.0,2.0,12.0,1977.0,62.0,40.0,8.0,Богатирська,Оболонський,14.0
120000.0,2.0,2400.0,19.0,22.0,2009.0,50.0,37.0,14.0,Білоруська,Шевченківський,-1.0
94000.0,1.0,2043.0,1.0,9.0,2010.0,46.0,37.0,14.0,Регенераторна,Дніпровський,-5.0
65500.0,1.0,1770.0,20.0,27.0,2019.0,37.0,14.0,9.0,Вишняківська,Дарницький,14.0
50000.0,2.0,1087.0,16.0,16.0,1982.0,46.0,26.0,8.0,Гонгадзе,Подільський,12.0
52500.0,1.0,1117.0,15.0,25.0,2019.0,47.0,15.0,18.0,Правди,Подільський,14.0
64980.0,4.0,812.0,4.0,9.0,1969.0,80.0,56.0,7.0,Кольцова,Святошинський,17.0
115000.0,2.0,1643.0,13.0,17.0,2014.0,70.0,32.0,12.0,Воскресенська,Дніпровський,26.0
200000.0,2.0,2564.0,14.0,20.0,2005.0,78.0,38.0,19.0,Руставелі,Голосіївський,21.0
484000.0,2.0,3569.0,2.0,24.0,2010.0,69.0,37.0,14.0,Голосіївський,Голосіївський,18.0
79000.0,1.0,1775.0,5.0,18.0,2015.0,69.0,37.0,15.0,Комбінатна,Дніпровський,17.0
45000.0,2.0,1000.0,5.0,5.0,1960.0,45.0,31.0,6.0,Салютна,Шевченківський,8.0
78000.0,1.0,1418.0,7.0,26.0,2010.0,55.0,15.0,18.0,Маланюка,Печерський,22.0
91999.0,3.0,1000.0,1.0,5.0,1958.0,92.0,48.0,27.0,Ромоданова,Печерський,17.0
128000.0,1.0,2510.0,2.0,9.0,2015.0,51.0,15.0,25.0,Саперне Поле,Печерський,11.0
38700.0,1.0,900.0,18.0,25.0,2010.0,43.0,15.0,16.0,Сім’ї Кульженків,"Голосіївський, Печерський",12.0
95000.0,2.0,1557.0,3.0,5.0,1960.0,61.0,37.0,14.0,Лабораторна,"Голосіївський, Печерський",10.0
77000.0,1.0,1426.0,16.0,24.0,2015.0,54.0,22.0,11.0,Драгоманова,Дарницький,21.0
52990.0,1.0,1162.0,7.0,22.0,2010.0,69.0,19.0,20.0,Кудрявська,Шевченківський,30.0
330000.0,3.0,2357.0,2.0,9.0,2000.0,140.0,37.0,14.0,Кудрявська,Шевченківський,89.0
83000.0,2.0,1107.0,10.0,26.0,2019.0,75.0,30.0,27.0,Краківська,Дніпровський,18.0
105000.0,2.0,1721.0,12.0,12.0,2008.0,61.0,27.0,26.0,Кольцова,Святошинський,8.0
225000.0,2.0,4500.0,8.0,23.0,2019.0,50.0,37.0,14.0,Антоновича,"Голосіївський, Печерський",-1.0
62000.0,2.0,954.0,3.0,19.0,2001.0,65.0,37.0,14.0,Лариси Руденко,Оболонський,14.0
90000.0,4.0,811.0,1.0,14.0,2008.0,111.0,72.0,12.0,Івана Пулюя,Оболонський,27.0
215000.0,3.0,2389.0,2.0,5.0,1959.0,90.0,40.0,10.0,Українки,Оболонський,40.0
137000.0,3.0,1575.0,1.0,9.0,1970.0,87.0,59.0,13.0,Тютюнника,Оболонський,15.0
36000.0,1.0,1000.0,9.0,9.0,1980.0,36.0,19.0,7.0,Юрія Смолича,Оболонський,10.0
195000.0,4.0,1931.0,6.0,24.0,2014.0,101.0,70.0,15.0,Оболонський,Оболонський,16.0
60000.0,3.0,882.0,7.0,16.0,1975.0,68.0,44.0,8.0,Курбаса,Дарницький,16.0
87000.0,2.0,1338.0,16.0,17.0,2002.0,65.0,37.0,13.0,Верховинця,Дарницький,15.0
185000.0,2.0,2256.0,5.0,21.0,2015.0,82.0,61.0,12.0,Зарічна,Дарницький,9.0
210000.0,2.0,2442.0,9.0,23.0,2012.0,86.0,42.0,21.0,Дніпровська,Оболонський,23.0
135000.0,2.0,1776.0,11.0,25.0,2011.0,76.0,45.0,12.0,Коломийський,Голосіївський,19.0
84000.0,3.0,944.0,8.0,26.0,2010.0,89.0,43.0,18.0,Правди,Подільський,28.0
160000.0,3.0,2000.0,21.0,25.0,2018.0,80.0,37.0,14.0,Каховська,Дніпровський,29.0
292000.0,3.0,2454.0,10.0,11.0,2010.0,119.0,37.0,17.0,Бойчука,Подільський,65.0
53000.0,1.0,1104.0,8.0,25.0,2010.0,48.0,14.0,19.0,Правди,Подільський,15.0
115000.0,1.0,2738.0,6.0,24.0,2019.0,42.0,37.0,14.0,Маккейна,Шевченківський,-9.0
90900.0,1.0,1748.0,14.0,36.0,2010.0,52.0,37.0,14.0,Перемоги,Шевченківський,1.0
2100000.0,3.0,7292.0,7.0,11.0,2007.0,288.0,150.0,35.0,Грушевського,Дарницький,103.0
980000.0,6.0,2761.0,7.0,7.0,2010.0,355.0,320.0,33.0,Срібнокільська,Дарницький,2.0
91260.0,1.0,1738.0,29.0,36.0,2010.0,69.0,17.0,14.0,Перемоги,Шевченківський,38.0
118000.0,2.0,1573.0,16.0,22.0,2010.0,75.0,32.0,12.0,Урлівська,Дарницький,31.0
84100.0,2.0,1294.0,22.0,32.0,2010.0,65.0,34.0,14.0,Заболотного,Святошинський,17.0
79700.0,1.0,2952.0,23.0,23.0,2012.0,27.0,15.0,5.0,Максимовича,Святошинський,7.0
220000.0,4.0,1746.0,16.0,23.0,2004.0,126.0,80.0,14.0,Бажана,Оболонський,32.0
155000.0,2.0,2214.0,9.0,10.0,2014.0,70.0,37.0,14.0,Сікорського,Оболонський,19.0
40000.0,1.0,1176.0,10.0,16.0,1973.0,34.0,37.0,8.0,Курбаса,Оболонський,-11.0
68500.0,1.0,1593.0,11.0,27.0,2010.0,43.0,14.0,16.0,Дніпровська,Оболонський,13.0
720000.0,4.0,4500.0,8.0,19.0,2010.0,160.0,37.0,14.0,Драгомирова,Деснянський,109.0
64000.0,2.0,1231.0,3.0,12.0,1983.0,52.0,30.0,9.0,Антонова,Деснянський,13.0
44000.0,2.0,1023.0,5.0,5.0,1960.0,43.0,27.0,6.0,Антонова,Деснянський,10.0
63000.0,3.0,1086.0,7.0,9.0,2010.0,58.0,40.0,7.0,Бучми,Деснянський,11.0
64500.0,3.0,935.0,7.0,9.0,1970.0,69.0,45.0,10.0,Кубанської України,Деснянський,14.0
100000.0,2.0,1408.0,15.0,23.0,2007.0,71.0,30.0,12.0,Дніпровська,Оболонський,29.0
249999.0,3.0,2500.0,17.0,25.0,2017.0,100.0,37.0,14.0,Панельна,Оболонський,49.0
270000.0,4.0,1525.0,17.0,25.0,2005.0,177.0,112.0,18.0,Коновальця,Оболонський,47.0
52000.0,1.0,1238.0,4.0,4.0,2010.0,42.0,17.0,14.0,Богатирська,Оболонський,11.0
50000.0,1.0,1562.0,9.0,9.0,1977.0,32.0,17.0,7.0,Оболонський,Оболонський,8.0
465000.0,4.0,3019.0,18.0,25.0,2005.0,154.0,37.0,14.0,Українки,Подільський,103.0
125000.0,3.0,1623.0,3.0,24.0,2015.0,77.0,42.0,14.0,Бориса Гмирі,Подільський,21.0
84000.0,2.0,1000.0,19.0,25.0,2010.0,84.0,37.0,23.0,Правди,Подільський,24.0
69000.0,1.0,1643.0,8.0,10.0,2018.0,42.0,12.0,20.0,Центральна,Дніпровський,10.0
70000.0,2.0,1446.0,6.0,9.0,1968.0,69.0,30.0,8.0,Преображенська,Солом'янський,31.0
260000.0,4.0,1781.0,24.0,24.0,2018.0,146.0,37.0,14.0,Коновальця,"Голосіївський, Шевченківський, Печерський",95.0
124860.0,2.0,2230.0,5.0,5.0,1959.0,56.0,30.0,9.0,Українки,"Голосіївський, Шевченківський, Печерський",17.0
135000.0,4.0,1688.0,5.0,5.0,1959.0,80.0,55.0,15.0,*** not found,"Голосіївський, Шевченківський, Печерський",10.0
170000.0,3.0,2068.0,4.0,5.0,1910.0,69.0,37.0,14.0,Велика Васильківська,"Голосіївський, Шевченківський, Печерський",18.0
84000.0,1.0,1680.0,12.0,26.0,2018.0,50.0,16.0,16.0,Липківського,Голосіївський,18.0
612500.0,5.0,2300.0,10.0,11.0,2010.0,69.0,37.0,38.0,Бойчука,Голосіївський,-6.0
46500.0,2.0,1257.0,5.0,5.0,1962.0,37.0,22.0,7.0,Васильківська,Голосіївський,8.0
129000.0,3.0,1162.0,21.0,25.0,2007.0,111.0,58.0,14.0,Данькевича,Оболонський,39.0
89332.9,3.0,1146.5,1.0,4.0,2010.0,69.0,37.0,14.0,Богатирська,Оболонський,18.0
99000.0,3.0,1375.0,9.0,10.0,1977.0,72.0,37.0,14.0,Українки,Печерський,21.0
117000.0,3.0,1603.0,9.0,16.0,2010.0,73.0,29.0,11.0,Гречка,Печерський,33.0
1035900.0,5.0,4504.0,4.0,8.0,2016.0,230.0,75.0,78.0,Редутна,Печерський,77.0
132000.0,3.0,1650.0,22.0,24.0,2015.0,80.0,37.0,14.0,Бориса Гмирі,Подільський,29.0
340000.0,3.0,2833.0,2.0,18.0,2010.0,120.0,37.0,20.0,Драгомирова,Подільський,63.0
31000.0,1.0,1192.0,2.0,5.0,1965.0,26.0,37.0,6.0,Туполєва,Подільський,-17.0
55000.0,3.0,859.0,1.0,9.0,1971.0,64.0,41.0,14.0,Кондратюка,Подільський,9.0
43000.0,2.0,915.0,1.0,9.0,1971.0,47.0,30.0,7.0,Мінський,Подільський,10.0
235000.0,4.0,1728.0,8.0,24.0,2007.0,136.0,81.0,17.0,Княжий Затон,Дарницький,38.0
105900.0,1.0,1925.0,22.0,26.0,2016.0,55.0,37.0,14.0,Герцена,Шевченківський,4.0
49700.0,1.0,1012.0,19.0,25.0,2020.0,69.0,18.0,18.0,Балтійський,Оболонський,33.0
110000.0,3.0,1000.0,10.0,17.0,2010.0,110.0,61.0,16.0,Ернста,Голосіївський,33.0
275000.0,2.0,3929.0,6.0,25.0,2010.0,70.0,37.0,25.0,Шаповала,Голосіївський,8.0
220000.0,2.0,3607.0,2.0,5.0,2010.0,61.0,30.0,10.0,Городецького,Голосіївський,21.0
30000.0,1.0,602.0,22.0,25.0,2010.0,69.0,37.0,14.0,Сім'ї Сосніних,Голосіївський,18.0
140000.0,1.0,2729.0,10.0,12.0,2010.0,69.0,37.0,14.0,Івана Мазепи,Голосіївський,18.0
132500.0,2.0,1636.0,15.0,22.0,2012.0,81.0,37.0,16.0,Червоноткацька,Голосіївський,28.0
50000.0,1.0,1667.0,5.0,5.0,1962.0,30.0,16.0,5.0,*** not found,Голосіївський,9.0
225000.0,3.0,2022.0,11.0,25.0,2008.0,69.0,37.0,14.0,Голосіївська,Голосіївський,18.0
165000.0,2.0,2324.0,2.0,4.0,1895.0,71.0,47.0,8.0,*** not found,Печерський,16.0
65000.0,2.0,970.0,24.0,25.0,2019.0,67.0,34.0,11.0,Миколи Гулака,Печерський,22.0
230000.0,2.0,4107.0,3.0,25.0,2019.0,56.0,37.0,14.0,Івана Федорова,Печерський,5.0
205000.0,1.0,3796.0,13.0,14.0,2017.0,54.0,18.0,25.0,Саперне Поле,Печерський,11.0
33071.4,1.0,718.9,24.0,25.0,2010.0,46.0,25.0,12.0,Миколи Хвильового,Шевченківський,9.0
777500.0,3.0,4494.0,3.0,13.0,2003.0,173.0,111.0,19.0,Паторжинського,Шевченківський,43.0
128500.0,3.0,988.0,23.0,24.0,2014.0,130.0,90.0,15.0,Наумовича,Оболонський,25.0
80000.0,2.0,1404.0,25.0,25.0,2010.0,57.0,24.0,19.0,Калнишевського,Оболонський,14.0
100500.0,2.0,1378.0,16.0,26.0,2010.0,69.0,37.0,14.0,Дніпровська,Оболонський,18.0
149000.0,1.0,3170.0,3.0,9.0,2010.0,47.0,37.0,14.0,Електриків,Подільський,-4.0
95000.0,1.0,2317.0,14.0,25.0,2018.0,41.0,37.0,14.0,Солом'янська,Солом'янський,-10.0
159000.0,2.0,2446.0,4.0,4.0,1898.0,65.0,15.0,30.0,Шевченка,Деснянський,20.0
68000.0,2.0,1259.0,14.0,16.0,1982.0,54.0,37.0,14.0,Озерна,Оболонський,3.0
89400.0,3.0,1090.0,9.0,15.0,1998.0,82.0,42.0,14.0,Григоренка,Голосіївський,26.0
330000.0,3.0,2674.0,4.0,24.0,2016.0,69.0,56.0,14.0,Антонова,Голосіївський,-1.0
229000.0,3.0,1684.0,2.0,24.0,2013.0,136.0,72.0,20.0,Голосіївський,Голосіївський,44.0
67000.0,1.0,1426.0,16.0,16.0,2016.0,47.0,37.0,14.0,Комарова,"Солом'янський, Шевченківський ",-4.0
66500.0,2.0,1279.0,9.0,10.0,1989.0,52.0,29.0,8.0,Борщагівська,"Солом'янський, Шевченківський ",15.0
480000.0,4.0,3200.0,20.0,23.0,2009.0,150.0,84.0,16.0,Шевченка,Деснянський,50.0
74000.0,1.0,1762.0,3.0,16.0,2010.0,42.0,37.0,14.0,Максимовича,Святошинський,-9.0
175000.0,3.0,1842.0,10.0,25.0,2011.0,95.0,52.0,11.0,Ковальський,Солом'янський,32.0
159000.0,2.0,2092.0,20.0,24.0,2016.0,76.0,37.0,14.0,Малевича,Печерський,25.0
3200000.0,5.0,9143.0,5.0,5.0,2010.0,350.0,37.0,14.0,Мічуріна,Печерський,299.0
380000.0,3.0,1990.0,15.0,47.0,2012.0,191.0,37.0,14.0,*** not found,Оболонський,140.0
63000.0,2.0,808.0,22.0,25.0,2010.0,78.0,36.0,12.0,Балтійський,Оболонський,30.0
85000.0,3.0,1104.0,6.0,20.0,1998.0,77.0,45.0,9.0,Азербайджанська,Дніпровський,23.0
130032.0,2.0,1548.0,15.0,25.0,2016.0,84.0,50.0,17.0,Зарічна,Дарницький,17.0
95700.0,3.0,1113.0,25.0,25.0,2016.0,86.0,43.0,12.0,Чавдар,Подільський,31.0
50000.0,1.0,1316.0,18.0,24.0,2019.0,38.0,17.0,10.0,Правди,Подільський,11.0
114900.0,3.0,1197.0,12.0,22.0,2006.0,96.0,47.0,14.0,Урлівська,Дарницький,35.0
41500.0,1.0,1092.0,4.0,25.0,2010.0,38.0,17.0,10.0,Бориспільська,Дарницький,11.0
125000.0,3.0,1302.0,12.0,25.0,2016.0,96.0,46.0,14.0,Поправки,Дарницький,36.0
48000.0,2.0,923.0,7.0,16.0,2010.0,52.0,37.0,14.0,Бориспільська,Дарницький,1.0
59899.0,2.0,1393.0,9.0,9.0,1967.0,43.0,28.0,7.0,Ентузіастів,Дніпровський,8.0
83000.0,1.0,1566.0,10.0,10.0,2017.0,53.0,37.0,14.0,Малоземельна,Дарницький,2.0
335000.0,1.0,4926.0,22.0,32.0,2016.0,68.0,16.0,35.0,Саксаганського,"Голосіївський, Печерський, Шевченківський",17.0
98500.0,3.0,1449.0,5.0,9.0,1980.0,68.0,43.0,10.0,Героїв Сталінграда,Оболонський,15.0
58000.0,3.0,841.0,9.0,9.0,1971.0,69.0,37.0,14.0,Зодчих,Святошинський,18.0
52000.0,1.0,1576.0,10.0,24.0,2010.0,33.0,15.0,7.0,Калнишевського,Печерський,11.0
345000.0,4.0,2054.0,10.0,18.0,2005.0,168.0,89.0,13.0,Старонаводницька,Печерський,66.0
89900.0,2.0,1138.0,2.0,34.0,2010.0,79.0,32.0,20.0,Заболотного,Подільський,27.0
58000.0,1.0,1286.0,24.0,25.0,2010.0,69.0,37.0,14.0,Правди,Подільський,18.0
66500.0,3.0,1023.0,5.0,9.0,1978.0,65.0,42.0,8.0,*** not found,"Голосіївський, Печерський",15.0
290000.0,1.0,6444.0,22.0,24.0,2019.0,45.0,12.0,18.0,Антоновича,"Голосіївський, Печерський",15.0
380000.0,4.0,1767.0,3.0,25.0,2011.0,215.0,110.0,40.0,Шаповала,Шевченківський,65.0
230000.0,2.0,4107.0,3.0,25.0,2019.0,56.0,37.0,14.0,Івана Федорова,Шевченківський,5.0
135000.0,2.0,1800.0,5.0,10.0,2001.0,75.0,27.0,34.0,Деревлянська,Шевченківський,14.0
165000.0,3.0,1602.0,9.0,17.0,2011.0,103.0,60.0,25.0,Вільямса,Солом'янський,18.0
107000.0,3.0,1189.0,12.0,14.0,2010.0,90.0,52.0,11.0,Васильченка,Солом'янський,27.0
139990.0,1.0,3182.0,24.0,24.0,2017.0,44.0,20.0,15.0,Предславинська,Печерський,9.0
31000.0,1.0,886.0,14.0,25.0,2010.0,35.0,37.0,14.0,Крайня,Деснянський,-16.0
58000.0,2.0,866.0,15.0,25.0,2009.0,67.0,32.0,12.0,Милославська,Деснянський,23.0
145000.0,3.0,1593.0,3.0,25.0,2018.0,91.0,68.0,17.0,Воскресенська,Дніпровський,6.0
67900.0,2.0,1235.0,22.0,26.0,2010.0,55.0,25.0,15.0,Маланюка,Оболонський,15.0
230000.0,3.0,2035.0,12.0,24.0,2007.0,113.0,53.0,15.0,Дніпровська,Оболонський,45.0
240000.0,3.0,2449.0,4.0,5.0,1895.0,98.0,57.0,11.0,Пушкінська,Шевченківський,30.0
150000.0,2.0,2459.0,23.0,25.0,2015.0,61.0,33.0,9.0,Зарічна,Дарницький,19.0
499990.0,3.0,3125.0,5.0,11.0,2005.0,160.0,37.0,14.0,Тургенєвська,Шевченківський,109.0
66624.0,3.0,833.1,13.0,26.0,2010.0,69.0,37.0,14.0,Радченка,Дарницький,18.0
140000.0,3.0,1265.0,6.0,9.0,2010.0,69.0,37.0,38.0,Зарічна,Дарницький,-6.0
68900.0,1.0,1531.0,8.0,9.0,2016.0,45.0,25.0,11.0,Метрологічна,Голосіївський,9.0
73860.0,2.0,1319.0,5.0,9.0,2010.0,56.0,30.0,9.0,Йорданська,Оболонський,17.0
49500.0,2.0,1053.0,5.0,9.0,1969.0,47.0,28.0,7.0,Кольцова,Святошинський,12.0
138000.0,2.0,2300.0,13.0,14.0,2017.0,60.0,30.0,10.0,Максимовича,Святошинський,20.0
55500.0,2.0,911.0,8.0,19.0,1971.0,69.0,28.0,14.0,Науки,Голосіївський,27.0
206000.0,3.0,1943.0,18.0,20.0,2008.0,106.0,58.0,14.0,Саперно-Слобідська,Голосіївський,34.0
110000.0,1.0,3333.0,3.0,10.0,1977.0,33.0,20.0,14.0,Шовковична,Печерський,-1.0
250000.0,3.0,2809.0,3.0,23.0,2019.0,89.0,37.0,14.0,Трускавецька,Дарницький,38.0
59157.0,2.0,873.0,11.0,17.0,2010.0,69.0,37.0,14.0,Гавела,"Шевченківський, Солом'янський",18.0
53000.0,1.0,1152.0,7.0,25.0,2010.0,46.0,37.0,14.0,Повітрофлотський,"Шевченківський, Солом'янський",-5.0
58000.0,3.0,1000.0,9.0,9.0,1967.0,58.0,37.0,8.0,Запорожця,Шевченківський,13.0
177000.0,2.0,2185.0,5.0,13.0,2019.0,81.0,55.0,15.0,Маккейна,Шевченківський,11.0
86000.0,1.0,1654.0,8.0,36.0,2010.0,52.0,19.0,14.0,Перемоги,Шевченківський,19.0
70000.0,3.0,745.0,4.0,20.0,2014.0,94.0,45.0,14.0,Щербаківського,Дарницький,35.0
73000.0,1.0,1521.0,20.0,26.0,2018.0,48.0,10.0,23.0,Зарічна,Дарницький,15.0
45000.0,1.0,1125.0,9.0,10.0,1994.0,40.0,18.0,9.0,Будищанська,Деснянський,13.0
115000.0,1.0,2300.0,10.0,24.0,2019.0,50.0,17.0,21.0,Жилянська,"Печерський, Голосіївський, Шевченківський",12.0
79000.0,1.0,1775.0,5.0,18.0,2015.0,69.0,37.0,15.0,Комбінатна,Дніпровський,17.0
88000.0,2.0,989.0,4.0,25.0,2014.0,89.0,60.0,15.0,Ревуцького,Дарницький,14.0
29900.0,1.0,906.0,4.0,4.0,1960.0,33.0,19.0,6.0,Бородіна,Дарницький,8.0
95000.0,2.0,1730.0,10.0,16.0,1993.0,69.0,29.0,14.0,Драгоманова,Дарницький,26.0
128000.0,2.0,1829.0,21.0,24.0,2014.0,70.0,30.0,19.0,Преображенська,Солом'янський,21.0
68000.0,3.0,1172.0,1.0,3.0,2010.0,58.0,35.0,6.0,Депутатська,Святошинський,17.0
85000.0,2.0,1312.0,17.0,25.0,2010.0,69.0,38.0,14.0,Багговутівська,Шевченківський,17.0
160000.0,3.0,2078.0,3.0,5.0,2010.0,77.0,37.0,14.0,*** not found,Шевченківський,26.0
135000.0,2.0,2596.0,24.0,25.0,2014.0,52.0,40.0,20.0,Сікорського,Шевченківський,-8.0
800000.0,5.0,4000.0,8.0,19.0,2010.0,200.0,37.0,14.0,Драгомирова,Шевченківський,149.0
250000.0,3.0,2336.0,10.0,24.0,2016.0,107.0,66.0,13.0,Коперніка,Шевченківський,28.0
127000.0,2.0,1814.0,7.0,17.0,2002.0,70.0,36.0,15.0,Васильківська,Голосіївський,19.0
98000.0,1.0,1661.0,16.0,24.0,2010.0,59.0,18.0,14.0,Глибочицька,Шевченківський,27.0
125000.0,3.0,1389.0,18.0,25.0,2016.0,90.0,37.0,18.0,Чавдар,Печерський,35.0
229000.0,2.0,3181.0,5.0,6.0,1935.0,72.0,42.0,10.0,Шовковична,Печерський,20.0
115000.0,2.0,1420.0,23.0,25.0,2007.0,81.0,41.0,16.0,Дніпровська,Оболонський,24.0
56000.0,2.0,1098.0,2.0,10.0,1987.0,51.0,30.0,8.0,Славгородська,Дарницький,13.0
53000.0,2.0,1000.0,9.0,14.0,1990.0,53.0,29.0,8.0,Славгородська,Дарницький,16.0
250000.0,3.0,3125.0,8.0,19.0,2010.0,80.0,37.0,14.0,Драгомирова,Дарницький,29.0
205000.0,3.0,1627.0,23.0,25.0,2010.0,126.0,74.0,14.0,Срібнокільська,Дарницький,38.0
59950.0,3.0,517.0,10.0,16.0,2016.0,116.0,37.0,17.0,Харченка,Печерський,62.0
250000.0,1.0,3571.0,4.0,14.0,2012.0,70.0,22.0,27.0,Окіпної,Печерський,21.0
205000.0,1.0,3796.0,13.0,14.0,2017.0,54.0,18.0,25.0,Саперне Поле,Печерський,11.0
38500.0,1.0,1196.0,4.0,5.0,1960.0,69.0,37.0,14.0,Олени Теліги,Печерський,18.0
99999.0,2.0,1667.0,15.0,26.0,2013.0,60.0,39.0,16.0,Кондратюка,Печерський,5.0
120000.0,3.0,1739.0,1.0,9.0,1977.0,69.0,37.0,14.0,Мечнікова,Печерський,18.0
150000.0,3.0,1829.0,5.0,12.0,1997.0,82.0,42.0,9.0,Героїв Сталінграда,Оболонський,31.0
285000.0,4.0,1900.0,8.0,9.0,2010.0,150.0,37.0,22.0,Рибальська,Печерський,91.0
72500.0,2.0,1394.0,4.0,4.0,2019.0,52.0,30.0,14.0,Березова,Солом'янський,8.0
750000.0,3.0,5000.0,10.0,14.0,2017.0,150.0,95.0,18.0,Саперне Поле,Печерський,37.0
493000.0,4.0,4287.0,12.0,24.0,2019.0,115.0,80.0,20.0,Антоновича,"Голосіївський, Печерський",15.0
290000.0,3.0,3333.0,22.0,25.0,2019.0,87.0,55.0,15.0,Маккейна,Печерський,17.0
247000.0,3.0,2100.0,13.0,17.0,2019.0,69.0,63.0,15.0,Лейпцизька,Печерський,-9.0
90000.0,2.0,1139.0,13.0,23.0,2015.0,79.0,34.0,18.0,Драгоманова,Дарницький,27.0
80000.0,3.0,1250.0,9.0,9.0,1972.0,64.0,37.0,14.0,Коновальця,Шевченківський,13.0
103900.0,3.0,1071.0,21.0,25.0,2010.0,97.0,51.0,16.0,Василя Стуса,Шевченківський,30.0
265000.0,3.0,2944.0,13.0,17.0,2006.0,90.0,38.0,42.0,Тютюнника,Шевченківський,10.0
105000.0,3.0,1641.0,1.0,5.0,1957.0,64.0,40.0,8.0,Січових Стрільців,Шевченківський,16.0
78000.0,2.0,1696.0,5.0,11.0,2018.0,46.0,20.0,20.0,Райдужна,Дніпровський,6.0
44900.0,1.0,1182.0,7.0,10.0,1988.0,38.0,17.0,8.0,Закревського,Шевченківський,13.0
494000.0,6.0,1502.0,8.0,10.0,1996.0,329.0,193.0,47.0,Тургенєвська,Шевченківський,89.0
46500.0,2.0,1257.0,5.0,5.0,1962.0,37.0,22.0,7.0,Васильківська,Голосіївський,8.0
55000.0,2.0,1078.0,9.0,10.0,1982.0,51.0,31.0,8.0,Зої Космодем'янської,Деснянський,12.0
59280.0,2.0,874.0,5.0,26.0,2010.0,69.0,37.0,14.0,Радченка,Деснянський,18.0
56000.0,1.0,1273.0,11.0,25.0,2010.0,44.0,37.0,14.0,Сверстюка,Деснянський,-7.0
47500.0,1.0,1105.0,10.0,18.0,2006.0,43.0,20.0,10.0,Милославська,Деснянський,13.0
100000.0,2.0,1099.0,8.0,9.0,1970.0,91.0,37.0,14.0,Метрологічна,Голосіївський,40.0
103000.0,1.0,2341.0,8.0,19.0,2010.0,44.0,37.0,14.0,Деміївська,Голосіївський,-7.0
95000.0,3.0,1118.0,2.0,15.0,2019.0,85.0,47.0,13.0,Перемоги,Шевченківський,25.0
76800.0,3.0,985.0,2.0,5.0,1958.0,78.0,78.0,9.0,Вишгородська,"Подільський, Оболонський",-9.0
257500.0,2.0,4769.0,8.0,25.0,2015.0,54.0,37.0,14.0,Маккейна,Шевченківський,3.0
52500.0,1.0,1094.0,9.0,22.0,2010.0,48.0,37.0,21.0,Перемоги,Шевченківський,-10.0
302200.0,4.0,2001.0,5.0,22.0,2013.0,151.0,37.0,14.0,Перемоги,Шевченківський,100.0
63500.0,2.0,814.0,22.0,25.0,2010.0,78.0,36.0,12.0,Балтійський,Оболонський,30.0
550000.0,4.0,3416.0,8.0,26.0,2009.0,161.0,67.0,40.0,Звіринецька,Печерський,54.0
98700.0,2.0,1484.0,15.0,25.0,2019.0,69.0,37.0,19.0,Ревуцького,Дарницький,13.0
80000.0,1.0,2105.0,11.0,21.0,2017.0,38.0,12.0,15.0,Правди,Подільський,11.0
35000.0,1.0,946.0,8.0,9.0,1992.0,37.0,19.0,7.0,Милославська,Деснянський,11.0
56000.0,2.0,851.0,14.0,24.0,2010.0,69.0,37.0,14.0,Вербицького,Солом'янський,18.0
36000.0,1.0,1333.0,4.0,5.0,1960.0,27.0,37.0,14.0,Новгородська,Солом'янський,-24.0
87000.0,1.0,1839.0,2.0,25.0,2015.0,69.0,25.0,10.0,Бажана,Подільський,34.0
220000.0,5.0,1222.0,5.0,6.0,2010.0,180.0,72.0,12.0,Канівська,Подільський,96.0
109000.0,3.0,1253.0,7.0,16.0,2010.0,87.0,37.0,14.0,Максимовича,Святошинський,36.0
125000.0,2.0,1689.0,23.0,25.0,2016.0,74.0,37.0,14.0,Донця,Подільський,23.0
600000.0,3.0,4800.0,2.0,14.0,2010.0,125.0,37.0,14.0,Драгомирова,Подільський,74.0
60000.0,1.0,1277.0,5.0,16.0,2010.0,47.0,22.0,14.0,Тираспольська,Подільський,11.0
15700000.0,3.0,157000.0,2.0,4.0,1917.0,100.0,76.0,12.0,Саксаганського,"Голосіївський, Печерський, Шевченківський",12.0
45000.0,1.0,1214.9,5.0,16.0,1990.0,69.0,37.0,14.0,Тираспольська,Подільський,18.0
160000.0,3.0,1356.0,11.0,25.0,2015.0,118.0,85.0,33.0,Зарічна,Дарницький,0.0
65000.0,2.0,1413.0,11.0,16.0,1981.0,46.0,27.0,9.0,Гонгадзе,Подільський,10.0
495000.0,3.0,4420.0,13.0,39.0,2017.0,112.0,37.0,14.0,Українки,Подільський,61.0
59000.0,2.0,1283.0,3.0,5.0,1965.0,46.0,37.0,14.0,Світлицького,Подільський,-5.0
68000.0,2.0,1447.0,5.0,10.0,1970.0,47.0,35.0,7.0,Воробйова,Дніпровський,5.0
81000.0,3.0,1012.0,17.0,25.0,2018.0,80.0,60.0,14.0,Каховська,Дніпровський,6.0
67000.0,1.0,1675.0,9.0,23.0,2010.0,40.0,37.0,12.0,Глибочицька,Шевченківський,-9.0
170000.0,3.0,1339.0,3.0,3.0,1954.0,127.0,86.0,30.0,Білокур,Оболонський,11.0
54500.0,1.0,996.0,23.0,25.0,2010.0,69.0,37.0,12.0,Балтійський,Оболонський,20.0
232000.0,3.0,1706.0,11.0,13.0,2014.0,136.0,70.0,14.0,Антоновича,"Голосіївський, Печерський",52.0
75000.0,2.0,789.0,18.0,25.0,2010.0,69.0,37.0,14.0,Кондратюка,Дарницький,18.0
99000.0,1.0,2152.0,3.0,4.0,1898.0,46.0,25.0,10.0,Гончара,Дарницький,11.0
55000.0,1.0,1310.0,6.0,25.0,2019.0,42.0,13.0,9.0,Ревуцького,Дарницький,20.0
475000.0,3.0,5000.0,3.0,13.0,2017.0,95.0,66.0,13.0,*** not found,Дарницький,16.0
70000.0,1.0,1659.0,1.0,19.0,2006.0,69.0,18.0,10.0,Драгоманова,Дарницький,41.0
79900.0,2.0,1211.0,24.0,25.0,2013.0,66.0,36.0,13.0,Сім’ї Кульженків,Голосіївський,17.0
215767.9,3.0,2157.7,8.0,16.0,2000.0,100.0,57.0,12.0,Панельна,Голосіївський,31.0
155000.0,3.0,1550.0,13.0,16.0,2012.0,100.0,55.0,16.0,Вільямса,Голосіївський,29.0
100000.0,1.0,1667.0,13.0,25.0,2008.0,60.0,21.0,17.0,Голосіївська,Голосіївський,22.0
1010000.0,4.0,5674.0,23.0,26.0,2017.0,178.0,92.0,22.0,Оболонський,Оболонський,64.0
45000.0,1.0,1500.0,1.0,9.0,1975.0,30.0,16.0,5.0,Миколи Голего,Солом'янський,9.0
80000.0,1.0,1333.0,4.0,24.0,2012.0,60.0,37.0,14.0,Дніпровська,Оболонський,9.0
115000.0,2.0,1575.0,21.0,25.0,2015.0,73.0,37.0,15.0,Малиновського,Шевченківський,21.0
620000.0,5.0,3605.0,14.0,17.0,2001.0,172.0,93.0,13.0,Назарівська,Шевченківський,66.0
250500.0,6.0,1668.0,13.0,14.0,1978.0,69.0,81.0,13.0,Гоголівська,Шевченківський,-25.0
39000.0,1.0,1345.0,1.0,5.0,1963.0,29.0,16.0,5.0,Дорогожицька,Шевченківський,8.0
30970.0,1.0,1106.0,12.0,13.0,2013.0,28.0,13.0,5.0,Петропавлівська,Оболонський,10.0
360000.0,5.0,2400.0,5.0,6.0,1936.0,150.0,120.0,15.0,Грушевського,Солом'янський,15.0
250000.0,2.0,2976.0,15.0,23.0,2008.0,84.0,60.0,15.0,Іллєнка,Солом'янський,9.0
95000.0,1.0,1863.0,22.0,25.0,2018.0,51.0,14.0,20.0,Липківського,Солом'янський,17.0
63900.0,1.0,761.0,13.0,14.0,2013.0,84.0,44.0,18.0,Ушинського,Солом'янський,22.0
81000.0,2.0,1528.0,13.0,25.0,2020.0,53.0,37.0,14.0,Польова,Солом'янський,2.0
219000.0,1.0,3776.0,2.0,9.0,2019.0,58.0,20.0,20.0,Саперне Поле,Печерський,18.0
162000.0,3.0,1604.0,19.0,26.0,2017.0,101.0,55.0,25.0,Панельна,"Голосіївський, Печерський",21.0
199000.0,2.0,2073.0,10.0,25.0,2005.0,96.0,43.0,16.0,Коновальця,"Голосіївський, Печерський",37.0
260000.0,3.0,2321.0,14.0,18.0,2013.0,112.0,60.0,17.0,Хмельницького,"Голосіївський, Печерський",35.0
163000.0,1.0,3622.0,2.0,22.0,2015.0,45.0,22.0,12.0,Маккейна,"Голосіївський, Печерський",11.0
499000.0,2.0,4990.0,22.0,25.0,2019.0,100.0,37.0,14.0,Антоновича,"Голосіївський, Печерський",49.0
310000.0,3.0,1925.0,3.0,18.0,2009.0,161.0,120.0,35.0,Толстого,Дарницький,6.0
99800.0,3.0,1535.0,6.0,8.0,1962.0,65.0,37.0,14.0,Дружби Народів,Печерський,14.0
130000.0,1.0,3023.0,9.0,26.0,2010.0,43.0,37.0,14.0,Оболонський,Оболонський,-8.0
70000.0,2.0,1273.0,4.0,5.0,1938.0,55.0,39.0,8.0,Багговутівська,Шевченківський,8.0
44500.0,2.0,1025.0,1.0,5.0,1961.0,69.0,29.0,6.0,Антонова,"Голосіївський, Шевченківський",34.0
199000.0,2.0,2488.0,2.0,5.0,1937.0,80.0,40.0,14.0,Володимирська,"Голосіївський, Шевченківський",26.0
120000.0,2.0,2500.0,9.0,9.0,1972.0,48.0,37.0,14.0,Українки,Печерський,-3.0
68750.0,2.0,892.9,7.0,16.0,2010.0,77.0,34.0,12.0,Сім’ї Кульженків,Печерський,31.0
162000.0,3.0,1800.0,11.0,26.0,2005.0,90.0,48.0,23.0,Коновальця,Печерський,19.0
209000.0,2.0,2580.0,2.0,10.0,2003.0,81.0,40.0,15.0,Мирного,Печерський,26.0
275000.0,2.0,2926.0,15.0,16.0,2006.0,94.0,37.0,48.0,Московська,Печерський,9.0
38000.0,1.0,1056.0,8.0,9.0,1984.0,36.0,18.0,8.0,Жмеринська,Святошинський,10.0
114000.0,3.0,1583.0,6.0,7.0,1959.0,72.0,51.0,9.0,Бойчука,Печерський,12.0
161000.0,2.0,1809.0,17.0,25.0,2018.0,89.0,37.0,14.0,Липківського,Печерський,38.0
330000.0,3.0,3000.0,18.0,24.0,2018.0,110.0,60.0,40.0,Лабораторний,Печерський,10.0
1500000.0,5.0,5000.0,8.0,19.0,2010.0,300.0,37.0,14.0,Інститутська,Печерський,249.0
99000.0,3.0,1375.0,9.0,10.0,1977.0,72.0,37.0,14.0,Українки,"Печерський, Шевченківський",21.0
295000.0,3.0,2757.0,6.0,6.0,1914.0,107.0,74.0,11.0,Хрещатик,"Печерський, Шевченківський",22.0
62000.0,1.0,1512.0,2.0,25.0,2010.0,41.0,14.0,14.0,Дніпровська,Оболонський,13.0
108000.0,1.0,2160.0,2.0,25.0,2019.0,50.0,30.0,10.0,Осокорська,Дарницький,10.0
255000.0,4.0,2024.0,16.0,25.0,2016.0,126.0,70.0,15.0,Саперне Поле,Печерський,41.0
68000.0,3.0,907.0,5.0,15.0,1993.0,75.0,43.0,8.0,Комарова,Дарницький,24.0
164000.0,2.0,2702.0,30.0,30.0,2010.0,69.0,37.0,12.0,Драгомирова,Дарницький,20.0
139000.0,3.0,1252.0,23.0,36.0,2007.0,111.0,60.0,18.0,Срібнокільська,Дарницький,33.0
115000.0,2.0,1337.0,11.0,25.0,2008.0,86.0,37.0,14.0,Чоколівський,Солом'янський,35.0
104000.0,1.0,1857.0,10.0,24.0,2010.0,56.0,16.0,16.0,Звіринецька,Печерський,24.0
85000.0,1.0,1518.0,7.0,14.0,2010.0,56.0,20.0,14.0,Вишгородська,"Подільський, Оболонський",22.0
190000.0,2.0,3585.0,3.0,20.0,2019.0,53.0,18.0,20.0,Драгомирова,Оболонський,15.0
229000.0,3.0,2140.0,7.0,25.0,2007.0,107.0,50.0,14.0,Героїв Сталінграда,Оболонський,43.0
65000.0,2.0,1161.0,3.0,4.0,1952.0,56.0,34.0,9.0,Будівельників,Дніпровський,13.0
250000.0,2.0,2976.0,15.0,23.0,2008.0,84.0,60.0,15.0,Іллєнка,Дарницький,9.0
105000.0,3.0,1117.0,6.0,22.0,2010.0,94.0,47.0,15.0,Урлівська,Дарницький,32.0
57000.0,2.0,919.0,15.0,21.0,2010.0,62.0,26.0,26.0,Сормовська,Дарницький,10.0
65000.0,1.0,1182.0,5.0,18.0,2010.0,55.0,37.0,21.0,Правди,Подільський,-3.0
98000.0,2.0,1388.0,8.0,25.0,2006.0,69.0,37.0,14.0,Верховинна,Святошинський,18.0
55000.0,2.0,1058.0,2.0,9.0,1986.0,52.0,29.0,8.0,Вербицького,"Голосіївський, Шевченківський, Печерський",15.0
55000.0,1.0,1618.0,5.0,33.0,2010.0,34.0,37.0,9.0,*** not found,"Голосіївський, Шевченківський, Печерський",-12.0
115000.0,2.0,2170.0,7.0,7.0,1961.0,53.0,35.0,14.0,Велика Васильківська,"Голосіївський, Шевченківський, Печерський",4.0
158364.0,2.0,1760.0,4.0,11.0,2010.0,90.0,45.0,20.0,Бойчука,Печерський,25.0
80000.0,1.0,2000.0,11.0,25.0,2011.0,40.0,19.0,11.0,Лобановського,Печерський,10.0
41000.0,2.0,909.0,2.0,3.0,1959.0,69.0,37.0,14.0,Миколи Шепелєва,Печерський,18.0
435000.0,2.0,3625.0,2.0,10.0,1998.0,120.0,85.0,10.0,Кропивницького,Печерський,25.0
100000.0,1.0,2000.0,3.0,23.0,2016.0,50.0,28.0,20.0,Трускавецька,Дарницький,2.0
110000.0,1.0,1930.0,19.0,25.0,2008.0,57.0,37.0,14.0,Голосіївська,Голосіївський,6.0
88107.1,2.0,1223.7,23.0,26.0,2010.0,72.0,34.0,15.0,Маланюка,Святошинський,23.0
130000.0,1.0,2653.0,4.0,16.0,2010.0,49.0,18.0,16.0,Драгомирова,Святошинський,15.0
125000.0,2.0,1866.0,4.0,9.0,2018.0,67.0,37.0,14.0,Юнацька,Святошинський,16.0
89000.0,2.0,1413.0,12.0,14.0,2013.0,63.0,37.0,11.0,Максимовича,Святошинський,15.0
110000.0,3.0,1122.0,4.0,25.0,2010.0,98.0,59.0,14.0,Комарова,Шевченківський,25.0
70000.0,2.0,1167.0,7.0,12.0,2019.0,60.0,26.0,14.0,Багговутівська,Шевченківський,20.0
46000.0,1.0,1000.0,8.0,26.0,2010.0,46.0,37.0,14.0,Костанайська,Голосіївський,-5.0
84000.0,2.0,1400.0,14.0,24.0,2010.0,60.0,37.0,10.0,Костанайська,Голосіївський,13.0
160000.0,3.0,1250.0,3.0,10.0,2010.0,128.0,69.0,18.0,Срібнокільська,Дарницький,41.0
42000.0,2.0,913.0,9.0,9.0,1970.0,46.0,37.0,14.0,Курчатова,Печерський,-5.0
61000.0,1.0,1743.0,8.0,9.0,1974.0,35.0,17.0,6.0,Гусовського,Печерський,12.0
130000.0,3.0,1512.0,5.0,9.0,1972.0,86.0,43.0,9.0,Українки,Дарницький,34.0
120000.0,3.0,1091.0,3.0,16.0,2002.0,110.0,54.0,13.0,Драгоманова,Дарницький,43.0
250000.0,2.0,2874.0,11.0,23.0,2012.0,87.0,56.0,31.0,Дніпровська,Оболонський,0.0
125000.0,3.0,1322.0,19.0,34.0,2010.0,69.0,37.0,14.0,Заболотного,Шевченківський,18.0
79235.0,2.0,1152.0,14.0,34.0,2010.0,69.0,37.0,14.0,Заболотного,Шевченківський,18.0
113261.0,2.0,1421.0,9.0,36.0,1961.0,69.0,37.0,14.0,Перемоги,Шевченківський,18.0
62000.0,1.0,1403.0,24.0,25.0,2010.0,69.0,37.0,14.0,Сверстюка,Оболонський,18.0
131000.0,2.0,2620.0,15.0,25.0,2016.0,50.0,37.0,21.0,Липківського,Оболонський,-8.0
300000.0,1.0,4000.0,18.0,24.0,2015.0,75.0,28.0,25.0,Маккейна,Оболонський,22.0
108000.0,3.0,1200.0,3.0,24.0,2010.0,90.0,54.0,10.0,Дніпровська,Оболонський,26.0
47000.0,1.0,1621.0,2.0,5.0,1964.0,29.0,15.0,5.0,Волгоградська,Солом'янський,9.0
57000.0,2.0,919.0,2.0,25.0,2010.0,62.0,45.0,14.0,Новопольова,Солом'янський,3.0
135482.1,2.0,1782.6,1.0,25.0,2015.0,76.0,37.0,14.0,Драгоманова,Дарницький,25.0
149000.0,4.0,1192.0,3.0,8.0,2019.0,125.0,72.0,17.0,Лебедєва,Печерський,36.0
85000.0,2.0,1977.0,1.0,5.0,1962.0,43.0,27.0,4.0,*** not found,Печерський,12.0
123900.0,2.0,1721.0,6.0,30.0,2010.0,72.0,46.0,15.0,Драгомирова,Печерський,11.0
150000.0,1.0,2727.0,3.0,17.0,2019.0,55.0,37.0,14.0,Лейпцизька,Печерський,4.0
285000.0,3.0,2568.0,4.0,22.0,2014.0,111.0,60.0,35.0,Глибочицька,Шевченківський,16.0
115000.0,3.0,1106.0,5.0,9.0,2005.0,104.0,65.0,20.0,Салютна,Шевченківський,19.0
45900.0,2.0,1020.0,1.0,5.0,1965.0,45.0,30.0,4.0,Метрологічна,Голосіївський,11.0
60000.0,2.0,952.0,18.0,25.0,2010.0,63.0,26.0,17.0,Північно-Сирецька,Подільський,20.0
115000.0,2.0,1742.0,15.0,25.0,2018.0,66.0,30.0,18.0,Правди,Подільський,18.0
44000.0,1.0,1023.0,24.0,26.0,2018.0,43.0,28.0,12.0,Вернадського,Печерський,3.0
85000.0,2.0,1700.0,4.0,25.0,2016.0,50.0,25.0,10.0,Пчілки,Печерський,15.0
183693.7,2.0,2213.2,8.0,25.0,2019.0,83.0,44.0,15.0,Лейпцизька,Печерський,24.0
200000.0,3.0,2083.0,2.0,5.0,1959.0,96.0,73.0,7.0,Басейна,"Печерський, Шевченківський",16.0
138000.0,2.0,2060.0,13.0,25.0,2011.0,67.0,37.0,14.0,Шаповала,Оболонський,16.0
39500.0,1.0,1013.0,20.0,25.0,2010.0,39.0,37.0,10.0,Бережанська,Оболонський,-8.0
123500.0,2.0,1506.0,6.0,26.0,2010.0,82.0,37.0,18.0,Бойчука,Шевченківський,27.0
80000.0,2.0,1250.0,11.0,16.0,2010.0,64.0,35.0,16.0,Перемоги,Шевченківський,13.0
1976000.0,5.0,3800.0,17.0,25.0,2019.0,520.0,37.0,20.0,Івана Федорова,"Голосіївський, Печерський",463.0
320000.0,2.0,3232.0,13.0,24.0,2019.0,99.0,47.0,13.0,Антоновича,"Голосіївський, Печерський",39.0
110000.0,2.0,1735.0,1.0,12.0,2003.0,69.0,37.0,14.0,Вільямса,Шевченківський,18.0
92000.0,2.0,1686.8,18.0,26.0,2010.0,69.0,37.0,31.0,Бойчука,Шевченківський,1.0
101000.0,1.0,1772.0,33.0,36.0,2010.0,57.0,37.0,14.0,Перемоги,Шевченківський,6.0
85000.0,2.0,1545.0,6.0,16.0,1973.0,55.0,22.0,7.0,Русанівський,Дніпровський,26.0
330000.0,3.0,2481.0,7.0,21.0,2010.0,133.0,70.0,22.0,Українки,Дніпровський,41.0
33900.0,1.0,1169.0,4.0,5.0,1969.0,29.0,16.0,7.0,Празька,Дніпровський,6.0
165000.0,4.0,2062.0,4.0,4.0,2010.0,80.0,56.0,11.0,Гончара,Оболонський,13.0
270000.0,2.0,3333.0,11.0,13.0,2019.0,81.0,32.0,20.0,Маккейна,Оболонський,29.0
40000.0,1.0,995.0,14.0,25.0,2010.0,69.0,37.0,12.0,Балтійський,Оболонський,20.0
104000.0,1.0,2122.0,13.0,26.0,2015.0,49.0,25.0,14.0,Білоруська,Шевченківський,10.0
75000.0,1.0,1442.0,4.0,25.0,2016.0,52.0,18.0,14.0,Драгоманова,Дарницький,20.0
115000.0,2.0,1613.0,4.0,25.0,2010.0,69.0,37.0,14.0,Липківського,Печерський,18.0
58000.0,1.0,1758.0,8.0,9.0,1972.0,33.0,19.0,14.0,Новогоспітальна,Печерський,0.0
30540.0,1.0,1021.4,9.0,26.0,2010.0,69.0,37.0,14.0,Радченка,Оболонський,18.0
259999.0,5.0,1625.0,5.0,6.0,1936.0,160.0,85.0,40.0,Богомольця,Оболонський,35.0
140000.0,3.0,1842.0,26.0,26.0,2016.0,76.0,49.0,10.0,Донця,Оболонський,17.0
160000.0,2.0,2078.0,3.0,26.0,2010.0,77.0,36.0,13.0,Оболонський,Оболонський,28.0
200714.3,4.0,2007.1,2.0,2.0,2010.0,100.0,80.0,20.0,Щекавицька,Подільський,0.0
65000.0,3.0,1048.0,3.0,9.0,1960.0,62.0,43.0,9.0,Пожарського,Дніпровський,10.0
74000.0,3.0,1000.0,7.0,9.0,1975.0,74.0,48.0,8.0,Полкова,Подільський,18.0
66500.0,3.0,1147.0,3.0,5.0,1961.0,58.0,42.0,7.0,Донця,Шевченківський,9.0
67000.0,2.0,1218.0,3.0,16.0,1993.0,55.0,30.0,8.0,Палладіна,Шевченківський,17.0
110000.0,2.0,1630.0,12.0,24.0,2010.0,69.0,37.0,37.0,Бойчука,Шевченківський,-5.0
127000.0,2.0,1512.0,14.0,24.0,2018.0,84.0,43.0,14.0,Липківського,Шевченківський,27.0
180000.0,2.0,1915.0,4.0,10.0,2005.0,94.0,45.0,15.0,Павлівська,Шевченківський,34.0
63000.0,3.0,875.0,3.0,9.0,1977.0,72.0,45.0,7.0,Івашкевича,Солом'янський,20.0
42900.0,2.0,998.0,1.0,5.0,2010.0,43.0,29.0,14.0,Іскрівська,Солом'янський,0.0
95000.0,3.0,1234.0,16.0,25.0,2017.0,77.0,45.0,12.0,Максимовича,Святошинський,20.0
255000.0,4.0,2318.0,3.0,4.0,1900.0,110.0,68.0,13.0,*** not found,Голосіївський,29.0
100357.1,2.0,1593.0,6.0,30.0,2010.0,63.0,35.0,8.0,Драгомирова,Голосіївський,20.0
115000.0,1.0,2614.0,2.0,7.0,2019.0,44.0,14.0,21.0,Теремківська,Голосіївський,9.0
113300.0,3.0,1218.0,15.0,21.0,2010.0,93.0,55.0,11.0,Осокорська,Дарницький,27.0
268000.0,4.0,1381.0,18.0,20.0,2010.0,194.0,93.0,35.0,Дмитрівська,Шевченківський,66.0
140000.0,3.0,1273.0,3.0,26.0,2010.0,110.0,37.0,14.0,Кондратюка,Дніпровський,59.0
146000.0,3.0,1718.0,1.0,9.0,2015.0,85.0,40.0,17.0,Регенераторна,Дніпровський,28.0
63000.0,3.0,900.0,23.0,23.0,2010.0,70.0,34.0,14.0,Глибочицька,Шевченківський,22.0
495000.0,3.0,3367.0,14.0,23.0,2014.0,147.0,50.0,40.0,Глибочицька,Шевченківський,57.0
275000.0,3.0,2644.0,5.0,24.0,2008.0,104.0,70.0,14.0,Героїв Сталінграда,Оболонський,20.0
73500.0,2.0,1361.0,2.0,9.0,1966.0,54.0,32.0,8.0,Борщагівська,"Солом'янський, Шевченківський ",14.0
57000.0,2.0,1056.0,7.0,26.0,2010.0,54.0,28.0,9.0,Ревуцького,Дарницький,17.0
121860.0,2.0,1741.0,2.0,9.0,2018.0,70.0,45.0,14.0,Юнацька,Святошинський,11.0
73000.0,2.0,1000.0,21.0,25.0,2010.0,73.0,37.0,14.0,Заболотного,Оболонський,22.0
39000.0,1.0,1147.0,3.0,5.0,1960.0,34.0,18.0,8.0,Автозаводська,Оболонський,8.0
92284.0,2.0,1138.0,6.0,34.0,2010.0,69.0,37.0,14.0,Заболотного,"Голосіївський, Печерський, Шевченківський",18.0
210000.0,2.0,1736.0,14.0,24.0,2008.0,121.0,60.0,30.0,Саксаганського,"Голосіївський, Печерський, Шевченківський",31.0
139900.0,4.0,1260.0,6.0,9.0,2010.0,111.0,37.0,14.0,Зарічна,Дарницький,60.0
145000.0,2.0,1686.0,17.0,23.0,2005.0,86.0,48.0,12.0,*** not found,Оболонський,26.0
140000.0,2.0,2188.0,10.0,14.0,2010.0,64.0,34.0,15.0,Невська,Оболонський,15.0
76000.0,3.0,1086.0,6.0,9.0,1980.0,70.0,34.0,10.0,Героїв Сталінграда,Оболонський,26.0
65500.0,1.0,1770.0,20.0,27.0,2019.0,37.0,14.0,9.0,Вишняківська,Дарницький,14.0
796000.0,4.0,4020.0,7.0,15.0,2010.0,198.0,65.0,67.0,Драгомирова,Дарницький,66.0
97926.0,1.0,1900.0,9.0,30.0,2010.0,69.0,37.0,14.0,Драгомирова,Дарницький,18.0
46000.0,1.0,1438.0,2.0,5.0,1963.0,32.0,19.0,6.0,Гавела,Дарницький,7.0
115000.0,3.0,1135.0,13.0,25.0,2004.0,69.0,37.0,14.0,Здолбунівська,Дарницький,18.0
430000.0,3.0,3909.0,8.0,22.0,2014.0,110.0,62.0,14.0,Драгомирова,Печерський,34.0
3210000.0,5.0,8025.0,10.0,10.0,1961.0,400.0,250.0,50.0,Мечнікова,Печерський,100.0
475000.0,3.0,5000.0,3.0,13.0,2017.0,95.0,66.0,13.0,*** not found,Святошинський,16.0
127900.0,2.0,1776.0,13.0,24.0,2017.0,72.0,35.0,17.0,Максимовича,Святошинський,20.0
75000.0,2.0,1250.0,4.0,5.0,1938.0,60.0,45.0,9.0,Багговутівська,Шевченківський,6.0
90005.0,2.0,1915.0,8.0,15.0,2010.0,47.0,17.0,20.0,Шолуденка,Шевченківський,10.0
284999.0,2.0,3202.0,3.0,18.0,2005.0,89.0,50.0,16.0,Щекавицька,Подільський,23.0
51000.0,3.0,850.0,2.0,9.0,1972.0,60.0,40.0,6.0,Коласа,Шевченківський,14.0
320000.0,3.0,3107.0,8.0,24.0,2013.0,103.0,37.0,16.0,*** not found,Шевченківський,50.0
43000.0,2.0,782.0,24.0,26.0,2010.0,55.0,37.0,11.0,*** not found,Шевченківський,7.0
91000.0,1.0,1750.0,33.0,35.0,2010.0,52.0,20.0,22.0,Перемоги,Шевченківський,10.0
185000.0,2.0,2256.0,6.0,9.0,2010.0,82.0,35.0,24.0,*** not found,Шевченківський,23.0
49990.0,3.0,757.0,8.0,9.0,1976.0,66.0,45.0,8.0,Наумова,Шевченківський,13.0
89000.0,1.0,2342.0,7.0,15.0,2010.0,38.0,20.0,7.0,Перемоги,Шевченківський,11.0
170000.0,2.0,2656.0,5.0,7.0,1948.0,64.0,37.0,9.0,Велика Васильківська,"Голосіївський, Шевченківський, Печерський",18.0
29256.6,1.0,978.5,1.0,5.0,2010.0,69.0,37.0,14.0,Червоноткацька,"Подільський, Оболонський",18.0
46500.0,2.0,1011.0,5.0,5.0,1963.0,46.0,31.0,7.0,Вишгородська,"Подільський, Оболонський",8.0
