Price,rooms,price_per_m2,level,levels,year,area_total,area_living,area_kitchen,area_comfort,street,district,category
140000.0,2.0,2258.0,7.0,9.0,1969.0,62.0,47.0,9.0,6.0,Омеляновича-Павленка,Оболонський,економ
105000.0,4.0,847.0,25.0,26.0,2018.0,124.0,71.0,16.0,37.0,Ованеса Туманяна,Оболонський,бізнес
175000.0,3.0,1786.0,25.0,26.0,2010.0,98.0,37.0,14.0,47.0,Ованеса Туманяна,Оболонський,бізнес
30970.0,1.0,1106.0,12.0,13.0,2013.0,28.0,13.0,5.0,10.0,Петропавлівська,Оболонський,економ
82000.0,2.0,1281.0,18.0,26.0,2009.0,64.0,37.0,14.0,13.0,Дніпровська,Оболонський,бізнес
168535.7,3.0,1872.6,4.0,9.0,1966.0,90.0,45.0,10.0,35.0,Саксаганського,"Голосіївський, Печерський, Шевченківський",бізнес
4500000.0,4.0,14610.0,18.0,21.0,2011.0,308.0,37.0,14.0,257.0,Івана Мазепи,Оболонський,бізнес
135000.0,2.0,2077.0,16.0,23.0,2012.0,65.0,25.0,18.0,22.0,Дніпровська,Оболонський,бізнес
120000.0,1.0,2500.0,8.0,25.0,2012.0,48.0,18.0,16.0,14.0,Ділова,"Голосіївський, Печерський",бізнес
57500.0,3.0,625.0,9.0,9.0,1970.0,92.0,37.0,14.0,41.0,Новодарницька,Дарницький,бізнес
98000.0,2.0,1633.0,21.0,34.0,2014.0,60.0,41.0,27.0,0.0,Ревуцького,Дарницький,бізнес
170000.0,3.0,1735.0,16.0,22.0,2018.0,98.0,48.0,35.0,15.0,Липківського,Подільський,бізнес
320000.0,5.0,1963.0,23.0,25.0,2017.0,163.0,100.0,14.0,49.0,Бендукідзе,Подільський,бізнес
65000.0,1.0,2600.0,1.0,3.0,2009.0,25.0,20.0,3.0,2.0,Введенська,Подільський,економ
125000.0,2.0,2778.0,6.0,9.0,1965.0,45.0,37.0,14.0,0.0,Виноградний,Печерський,економ
48000.0,1.0,849.0,22.0,25.0,2009.0,55.0,40.0,10.0,5.0,Кайсарова,"Голосіївський,Солом'янський",бізнес
70000.0,1.0,1273.0,26.0,27.0,2004.0,55.0,22.0,12.0,21.0,Ахматової,Оболонський,бізнес
75000.0,3.0,1005.0,4.0,26.0,2009.0,66.0,37.0,14.0,15.0,Радченка,Оболонський,бізнес
84000.0,2.0,1273.0,6.0,26.0,2009.0,66.0,37.0,18.0,11.0,Дніпровська,Оболонський,бізнес
175000.0,1.0,1725.8,7.0,25.0,2012.0,70.0,37.0,14.0,19.0,Ділова,"Голосіївський, Печерський",бізнес
63000.0,3.0,900.0,7.0,10.0,1987.0,70.0,44.0,14.0,12.0,Бориспільська,Дарницький,бізнес
390000.0,3.0,3000.0,11.0,28.0,2013.0,130.0,48.0,66.0,16.0,Болсуновська,Печерський,бізнес
335000.0,3.0,3160.0,24.0,28.0,2017.0,106.0,55.0,24.0,27.0,Українки,Голосіївський,бізнес
320000.0,3.0,3137.0,15.0,24.0,2016.0,102.0,70.0,20.0,12.0,Антонова,Голосіївський,бізнес
118000.0,2.0,1311.0,15.0,25.0,1959.0,90.0,41.0,13.0,36.0,Науки,Голосіївський,бізнес
159990.0,4.0,1437.0,6.0,10.0,2016.0,60.0,37.0,30.0,0.0,Метрологічна,Голосіївський,бізнес
85000.0,3.0,1417.0,2.0,5.0,1961.0,60.0,44.0,6.0,10.0,Дружби Народів,Печерський,економ
155022.2,1.0,2541.3,8.0,18.0,2009.0,61.0,37.0,14.0,10.0,Драгомирова,Голосіївський,бізнес
590000.0,3.0,5900.0,8.0,18.0,2009.0,100.0,37.0,14.0,49.0,Драгомирова,Голосіївський,бізнес
84000.0,2.0,1333.0,2.0,16.0,2016.0,63.0,32.0,15.0,16.0,Данченка,Голосіївський,бізнес
35000.0,2.0,778.0,1.0,2.0,2009.0,45.0,37.0,14.0,0.0,Кримська,Голосіївський,економ
63000.0,2.0,969.0,4.0,25.0,2009.0,65.0,31.0,13.0,21.0,Новопольова,Солом'янський,бізнес
40000.0,2.0,870.0,3.0,5.0,1963.0,46.0,30.0,8.0,8.0,Туполєва,Оболонський,економ
42654.8,1.0,1375.9,8.0,18.0,2009.0,31.0,37.0,14.0,0.0,Дніпровська,Оболонський,бізнес
60000.0,1.0,1463.0,2.0,26.0,2009.0,41.0,37.0,14.0,0.0,Дніпровська,Оболонський,економ
130000.0,2.0,1625.0,6.0,25.0,2010.0,80.0,37.0,14.0,29.0,Перемоги,Шевченківський,бізнес
346500.0,2.0,4500.0,7.0,24.0,2019.0,77.0,38.0,20.0,19.0,Івана Федорова,"Деснянський, Дніпровський",бізнес
46998.0,2.0,1000.0,5.0,5.0,1968.0,47.0,35.0,8.0,4.0,Братиславська,"Деснянський, Дніпровський",економ
10092.1,1.0,672.8,8.0,18.0,2009.0,15.0,37.0,14.0,0.0,Червоноткацька,Дарницький,економ
29256.6,1.0,978.5,1.0,5.0,2009.0,47.0,37.0,14.0,0.0,Червоноткацька,Дарницький,економ
166000.0,1.0,3532.0,2.0,9.0,2009.0,47.0,22.0,16.0,9.0,Златоустівська,Дарницький,економ
115000.0,4.0,1369.0,5.0,9.0,1970.0,84.0,35.0,9.0,40.0,Бойченка,Дарницький,економ
298000.0,3.0,2249.0,11.0,23.0,2016.0,31.0,37.0,14.0,0.0,Трускавецька,Дарницький,бізнес
43100.0,1.0,1390.0,8.0,26.0,2018.0,31.0,16.0,5.0,10.0,Каховська,Дніпровський,бізнес
179900.0,4.0,1475.0,19.0,27.0,2010.0,122.0,37.0,14.0,71.0,Лобановського,Голосіївський,бізнес
96255.3,1.0,1504.0,8.0,18.0,2009.0,64.0,37.0,14.0,13.0,Курчатова,Голосіївський,бізнес
56500.0,3.0,926.0,6.0,9.0,1970.0,61.0,40.0,7.0,14.0,Курчатова,Голосіївський,бізнес
110000.0,1.0,1930.0,19.0,25.0,2008.0,57.0,37.0,14.0,6.0,Голосіївська,Голосіївський,бізнес
47000.0,1.0,1146.0,5.0,16.0,1990.0,41.0,10.0,16.0,15.0,Тираспольська,Подільський,бізнес
90000.0,2.0,2195.0,1.0,9.0,2009.0,41.0,28.0,6.0,7.0,Лаврська,Печерський,економ
44980.0,1.0,1249.0,19.0,25.0,2017.0,36.0,16.0,14.0,6.0,Правди,Подільський,бізнес
58000.0,4.0,921.0,5.0,9.0,1968.0,63.0,40.0,7.0,16.0,Миколайчука,Оболонський,економ
63000.0,3.0,863.0,5.0,9.0,1982.0,73.0,41.0,9.0,23.0,Порика,Оболонський,бізнес
136000.0,1.0,3022.0,6.0,23.0,2015.0,45.0,15.0,17.0,13.0,Маккейна,Оболонський,бізнес
73860.0,2.0,1319.0,5.0,9.0,2009.0,56.0,30.0,9.0,17.0,Йорданська,Оболонський,бізнес
160000.0,2.0,2712.0,18.0,24.0,2019.0,59.0,37.0,20.0,2.0,Тютюнника,Дніпровський,бізнес
135000.0,3.0,1588.0,8.0,10.0,2015.0,85.0,49.0,12.0,24.0,Регенераторна,Дніпровський,бізнес
120000.0,1.0,2400.0,12.0,23.0,2015.0,50.0,18.0,15.0,17.0,Зарічна,Дарницький,бізнес
58990.0,1.0,1450.0,3.0,34.0,2009.0,85.0,16.0,10.0,59.0,Заболотного,"Дніпровський, Деснянський",бізнес
90000.0,4.0,1059.0,4.0,10.0,1994.0,85.0,37.0,14.0,34.0,Курнатовського,"Дніпровський, Деснянський",бізнес
187000.0,3.0,1550.0,2.0,5.0,1934.0,72.0,37.0,14.0,21.0,Інститутська,Печерський,економ
88000.0,2.0,1222.0,16.0,25.0,2020.0,72.0,37.0,15.0,20.0,Маланюка,Печерський,бізнес
102000.0,2.0,1619.0,10.0,16.0,2019.0,63.0,26.0,22.0,15.0,Гречка,Печерський,бізнес
110000.0,1.0,1833.0,14.0,24.0,2018.0,60.0,21.0,15.0,24.0,Липківського,Печерський,бізнес
160000.0,2.0,3077.0,3.0,24.0,2015.0,52.0,13.0,18.0,21.0,Маккейна,Печерський,бізнес
225000.0,5.0,1500.0,23.0,24.0,2008.0,150.0,78.0,18.0,54.0,Григоренка,Печерський,бізнес
75000.0,2.0,1562.0,4.0,9.0,1966.0,48.0,30.0,7.0,11.0,Коновальця,Печерський,економ
59860.0,3.0,798.0,3.0,9.0,2009.0,75.0,40.0,9.0,26.0,Закревського,Печерський,бізнес
43161.0,2.0,732.0,13.0,18.0,2009.0,59.0,30.0,16.0,13.0,Старонаводницька,Печерський,бізнес
140000.0,2.0,1842.0,13.0,18.0,1991.0,76.0,39.0,14.0,23.0,Старонаводницька,Печерський,бізнес
78000.0,1.0,1418.0,7.0,26.0,2009.0,55.0,15.0,18.0,22.0,Маланюка,Печерський,бізнес
230000.0,2.0,2771.0,6.0,7.0,1915.0,83.0,45.0,11.0,27.0,Заньковецької,Печерський,бізнес
178000.0,2.0,2373.0,2.0,16.0,2009.0,75.0,37.0,21.0,17.0,Кудрявська,Шевченківський,бізнес
63000.0,3.0,900.0,23.0,23.0,2009.0,70.0,35.0,14.0,21.0,Українки,Деснянський,бізнес
495000.0,3.0,4420.0,11.0,32.0,2017.0,112.0,45.0,54.0,13.0,Українки,Деснянський,бізнес
45900.0,2.0,478.0,31.0,34.0,2009.0,96.0,62.0,16.0,18.0,Милославська,Деснянський,бізнес
33000.0,1.0,1000.0,14.0,24.0,2009.0,33.0,16.0,5.0,12.0,Милославська,Деснянський,бізнес
66500.0,3.0,1147.0,3.0,5.0,1961.0,58.0,42.0,7.0,9.0,Донця,Оболонський,економ
119900.0,3.0,1462.0,8.0,12.0,2002.0,82.0,48.0,14.0,20.0,Верховинця,Оболонський,бізнес
145000.0,4.0,1381.0,1.0,9.0,1977.0,105.0,80.0,12.0,13.0,Героїв Дніпра,Оболонський,економ
118000.0,3.0,1494.0,17.0,25.0,2018.0,79.0,36.0,35.0,8.0,Каховська,Дніпровський,бізнес
41000.0,1.0,1323.0,21.0,26.0,2018.0,31.0,12.0,8.0,11.0,Каховська,Дніпровський,бізнес
59899.0,2.0,1070.0,8.0,10.0,1995.0,56.0,34.0,8.0,14.0,Вишняківська,Дарницький,бізнес
177000.0,2.0,2565.0,3.0,4.0,2009.0,69.0,41.0,8.0,20.0,Липська,Дарницький,бізнес
63000.0,1.0,1286.0,11.0,25.0,2019.0,49.0,16.0,16.0,17.0,Сверстюка,Дарницький,бізнес
499000.0,3.0,4229.0,8.0,18.0,2009.0,118.0,37.0,14.0,67.0,Драгомирова,Дарницький,бізнес
49500.0,1.0,1269.0,19.0,26.0,2009.0,39.0,17.0,11.0,11.0,Причальна,Дарницький,бізнес
275000.0,2.0,4435.0,22.0,28.0,2013.0,62.0,30.0,20.0,12.0,Болсуновська,Печерський,бізнес
93000.0,3.0,1336.0,13.0,14.0,1994.0,67.0,48.0,14.0,5.0,Повітрофлотський,"Шевченківський, Солом'янський",бізнес
87500.0,2.0,1306.0,20.0,25.0,2015.0,67.0,37.0,14.0,16.0,Драгоманова,Дарницький,бізнес
110000.0,3.0,1325.0,4.0,24.0,2008.0,83.0,37.0,30.0,16.0,Григоренка,Оболонський,бізнес
900000.0,4.0,3600.0,23.0,24.0,2012.0,250.0,37.0,14.0,199.0,Дніпровська,Оболонський,бізнес
86000.0,1.0,2205.0,3.0,8.0,2014.0,39.0,37.0,14.0,0.0,Жабаєва,Подільський,бізнес
335000.0,3.0,2577.0,9.0,14.0,2014.0,130.0,60.0,60.0,10.0,Філатова,Подільський,бізнес
67000.0,2.0,971.0,3.0,26.0,2021.0,69.0,25.0,21.0,23.0,Правди,Подільський,бізнес
90000.0,2.0,1800.0,4.0,4.0,1896.0,50.0,37.0,6.0,7.0,Малопідвальна,Шевченківський,економ
101500.0,1.0,2307.0,8.0,11.0,2009.0,44.0,22.0,13.0,9.0,Бойчука,Дарницький,бізнес
104000.0,3.0,1169.0,18.0,26.0,2009.0,89.0,37.0,40.0,12.0,Зарічна,Дарницький,бізнес
190000.0,2.0,3167.0,9.0,21.0,2017.0,60.0,37.0,25.0,0.0,Предславинська,Печерський,бізнес
3600000.0,6.0,8000.0,25.0,25.0,2011.0,450.0,288.0,45.0,117.0,Івана Мазепи,Печерський,бізнес
63000.0,2.0,1033.0,10.0,26.0,2009.0,61.0,28.0,12.0,21.0,Радченка,Печерський,бізнес
680000.0,7.0,2369.0,21.0,21.0,2010.0,287.0,177.0,14.0,96.0,Лабораторний,Печерський,бізнес
139000.0,2.0,1829.0,20.0,21.0,2018.0,76.0,31.0,19.0,26.0,Конєва,Оболонський,бізнес
347700.0,4.0,1900.0,4.0,25.0,2011.0,183.0,100.0,17.0,66.0,Шаповала,Оболонський,бізнес
85000.0,2.0,1328.0,4.0,24.0,2009.0,64.0,30.0,20.0,14.0,Дніпровська,Оболонський,бізнес
35600.0,1.0,989.0,10.0,26.0,2009.0,36.0,15.0,12.0,9.0,Клеманська,Дарницький,бізнес
85000.0,3.0,1133.0,9.0,15.0,1999.0,75.0,42.0,8.0,25.0,Григоренка,Печерський,бізнес
46000.0,1.0,1022.0,4.0,5.0,1963.0,45.0,37.0,10.0,0.0,Туполєва,Печерський,економ
125000.0,2.0,2358.0,3.0,4.0,1860.0,53.0,42.0,5.0,6.0,Хмельницького,Печерський,економ
530000.0,3.0,3926.0,4.0,15.0,2017.0,135.0,50.0,40.0,45.0,Саперне Поле,Печерський,бізнес
229000.0,3.0,2140.0,7.0,25.0,2007.0,107.0,50.0,14.0,43.0,Героїв Сталінграда,Оболонський,бізнес
117000.0,3.0,1401.0,14.0,26.0,2009.0,55.0,37.0,14.0,4.0,Дніпровська,Оболонський,бізнес
110000.0,2.0,2000.0,3.0,9.0,1971.0,55.0,37.0,14.0,4.0,Тарасівська,Голосіївський,бізнес
92900.0,3.0,1021.0,4.0,5.0,1956.0,91.0,56.0,11.0,24.0,Краківська,Дніпровський,бізнес
77500.0,1.0,1845.0,5.0,9.0,2018.0,42.0,17.0,15.0,10.0,Юнацька,Святошинський,бізнес
40500.0,1.0,1067.0,4.0,26.0,2009.0,93.0,37.0,14.0,42.0,Клеманська,Дарницький,бізнес
136000.0,3.0,1462.0,2.0,16.0,1998.0,93.0,50.0,28.0,15.0,Героїв Сталінграда,Оболонський,бізнес
220000.0,2.0,2619.0,3.0,8.0,1948.0,84.0,52.0,13.0,19.0,Драгоманова,Дарницький,бізнес
125000.0,3.0,1147.0,23.0,26.0,2011.0,109.0,83.0,16.0,10.0,Драгоманова,Дарницький,бізнес
100000.0,2.0,1818.0,8.0,18.0,1958.0,55.0,37.0,14.0,4.0,Українки,Деснянський,бізнес
80000.0,1.0,2581.0,22.0,25.0,2018.0,31.0,14.0,14.0,3.0,Тимошенка,Деснянський,бізнес
57000.0,3.0,851.0,5.0,9.0,1985.0,67.0,37.0,14.0,16.0,Маяковського,Деснянський,бізнес
170000.0,2.0,1932.0,3.0,9.0,2005.0,88.0,44.0,22.0,22.0,Дмитрівська,Шевченківський,бізнес
59750.0,2.0,996.0,14.0,15.0,1980.0,60.0,53.0,10.0,0.0,Курбаса,Дарницький,бізнес
42678.6,1.0,1094.3,16.0,16.0,2009.0,39.0,12.0,14.0,13.0,Комарова,Дарницький,бізнес
92000.0,2.0,1227.0,2.0,25.0,2015.0,75.0,38.0,15.0,22.0,Драгоманова,Дарницький,бізнес
115000.0,2.0,1597.0,4.0,32.0,2019.0,72.0,37.0,14.0,21.0,Драгомирова,Деснянський,бізнес
54000.0,1.0,1227.0,18.0,25.0,2019.0,44.0,37.0,14.0,0.0,Моторний,Деснянський,бізнес
45500.0,1.0,929.0,2.0,9.0,1995.0,49.0,14.0,24.0,11.0,Милославська,Деснянський,економ
91500.0,1.0,2288.0,11.0,11.0,2020.0,40.0,20.0,12.0,8.0,Бойчука,"Деснянський, Дніпровський",бізнес
60500.0,3.0,818.0,4.0,9.0,1990.0,74.0,37.0,14.0,23.0,Закревського,"Деснянський, Дніпровський",бізнес
250000.0,1.0,4630.0,7.0,25.0,2019.0,54.0,15.0,20.0,19.0,Івана Федорова,"Деснянський, Дніпровський",бізнес
78000.0,2.0,1773.0,3.0,9.0,1966.0,44.0,37.0,14.0,0.0,Філатова,"Деснянський, Дніпровський",економ
84999.0,4.0,885.0,7.0,16.0,1986.0,96.0,37.0,13.0,46.0,Миропільська,"Деснянський, Дніпровський",бізнес
83000.0,3.0,856.0,1.0,22.0,2007.0,97.0,65.0,14.0,18.0,Григоренка,Святошинський,бізнес
129999.0,2.0,2063.0,6.0,9.0,2018.0,63.0,30.0,15.0,18.0,Юнацька,Святошинський,бізнес
70000.0,3.0,729.0,4.0,4.0,1946.0,96.0,37.0,14.0,45.0,Вишгородська,"Подільський, Оболонський",бізнес
36000.0,1.0,1200.0,5.0,9.0,2009.0,30.0,13.0,10.0,7.0,Жолудєва,Святошинський,економ
210000.0,3.0,1409.0,7.0,12.0,2001.0,149.0,87.0,16.0,46.0,Павлівська,Шевченківський,бізнес
85900.0,3.0,1263.0,6.0,8.0,1964.0,68.0,47.0,6.0,15.0,Голосіївський,Голосіївський,бізнес
108000.0,1.0,2160.0,2.0,25.0,2019.0,50.0,30.0,10.0,10.0,Осокорська,Дарницький,бізнес
120000.0,3.0,1395.0,10.0,24.0,2009.0,86.0,40.0,17.0,29.0,Вишгородська,"Подільський, Оболонський",бізнес
221000.0,2.0,3400.0,8.0,10.0,2009.0,65.0,37.0,14.0,14.0,Драгомирова,Оболонський,бізнес
60000.0,1.0,1818.0,5.0,5.0,1962.0,33.0,37.0,16.0,0.0,Тютюнника,Оболонський,економ
165000.0,2.0,2845.0,6.0,24.0,2015.0,58.0,25.0,22.0,11.0,Маккейна,Оболонський,бізнес
200000.0,5.0,1481.0,4.0,4.0,1917.0,135.0,37.0,14.0,84.0,Івана Мазепи,Оболонський,економ
145000.0,2.0,1933.0,5.0,24.0,2007.0,75.0,44.0,14.0,17.0,Героїв Сталінграда,Оболонський,бізнес
199000.0,3.0,2488.0,2.0,25.0,2018.0,80.0,33.0,22.0,25.0,Липківського,Святошинський,бізнес
186117.4,1.0,3579.2,8.0,18.0,2009.0,52.0,37.0,14.0,1.0,Коновальця,Святошинський,бізнес
199000.0,2.0,2073.0,10.0,25.0,2005.0,96.0,43.0,16.0,37.0,Коновальця,Святошинський,бізнес
50700.0,1.0,1300.0,6.0,14.0,2019.0,39.0,25.0,8.0,6.0,Максимовича,Святошинський,бізнес
185000.0,2.0,2256.0,5.0,21.0,2015.0,82.0,61.0,12.0,9.0,Зарічна,Дарницький,бізнес
152000.0,2.0,1667.0,24.0,25.0,2008.0,56.0,41.0,14.0,1.0,Голосіївська,Голосіївський,бізнес
92000.0,3.0,965.0,1.0,25.0,2009.0,56.0,48.0,16.0,0.0,Ясинуватський,Голосіївський,бізнес
49387.4,1.0,881.9,8.0,18.0,2009.0,56.0,37.0,14.0,5.0,Колоса,Подільський,бізнес
56500.0,1.0,1749.0,5.0,7.0,2019.0,38.0,21.0,5.0,12.0,Колоса,Подільський,бізнес
80000.0,1.0,2105.0,11.0,21.0,2017.0,38.0,12.0,15.0,11.0,Правди,Подільський,бізнес
480000.0,4.0,2609.0,5.0,6.0,1915.0,184.0,108.0,34.0,42.0,Велика Васильківська,"Голосіївський, Шевченківський, Печерський",економ
59000.0,2.0,1157.0,2.0,12.0,1981.0,51.0,37.0,14.0,0.0,Голосіївський,Голосіївський,бізнес
149632.1,1.0,3183.6,8.0,18.0,2009.0,47.0,37.0,14.0,0.0,Бойчука,Дніпровський,бізнес
147075.0,2.0,2228.0,9.0,11.0,2009.0,66.0,37.0,14.0,15.0,Бойчука,Дніпровський,бізнес
86860.0,2.0,905.0,10.0,10.0,2017.0,96.0,44.0,23.0,29.0,Центральна,Дніпровський,бізнес
97000.0,2.0,1260.0,16.0,22.0,2018.0,77.0,37.0,14.0,26.0,Ясинуватський,Голосіївський,бізнес
55000.0,2.0,1222.0,13.0,16.0,1980.0,45.0,37.0,11.0,0.0,Райдужна,Дніпровський,бізнес
138000.0,2.0,1811.0,3.0,15.0,2014.0,37.0,37.0,14.0,0.0,Ломоносова,Голосіївський,бізнес
105000.0,2.0,1504.0,4.0,25.0,2014.0,37.0,37.0,14.0,0.0,Гусовського,Печерський,бізнес
66016.1,1.0,1784.2,8.0,18.0,2009.0,37.0,37.0,14.0,0.0,Гусовського,Печерський,бізнес
284000.0,2.0,2812.0,7.0,11.0,2004.0,101.0,37.0,14.0,50.0,Гусовського,Печерський,бізнес
155000.0,3.0,1550.0,13.0,23.0,2006.0,100.0,37.0,14.0,49.0,Окіпної,Шевченківський,бізнес
49899.0,1.0,1386.0,1.0,9.0,1978.0,36.0,18.0,7.0,11.0,Багговутівська,Шевченківський,економ
95000.0,2.0,1696.0,9.0,9.0,1966.0,56.0,34.0,8.0,14.0,Дружби Народів,Печерський,бізнес
380000.0,3.0,3585.0,9.0,21.0,2019.0,106.0,37.0,14.0,55.0,Маккейна,Солом'янський,бізнес
46000.0,2.0,913.0,1.0,4.0,2009.0,40.0,30.0,12.0,0.0,Маланюка,Солом'янський,економ
60150.0,1.0,1504.0,21.0,26.0,2009.0,40.0,14.0,20.0,6.0,Михайла Котельникова,Солом'янський,бізнес
185000.0,3.0,1745.0,8.0,25.0,2016.0,106.0,37.0,38.0,31.0,Героїв Севастополя,Солом'янський,бізнес
81000.0,2.0,964.0,18.0,26.0,2020.0,84.0,37.0,17.0,30.0,Маланюка,Печерський,бізнес
620000.0,3.0,4769.0,4.0,15.0,2017.0,130.0,66.0,16.0,48.0,Саперне Поле,Печерський,бізнес
48700.0,1.0,991.0,19.0,25.0,2009.0,117.0,37.0,14.0,66.0,Балтійський,Оболонський,бізнес
234000.0,3.0,2000.0,7.0,15.0,2009.0,117.0,76.0,12.0,29.0,Кудрявська,Шевченківський,бізнес
135000.0,2.0,2523.0,28.0,34.0,2018.0,50.0,37.0,14.0,0.0,Перемоги,Шевченківський,бізнес
130000.0,2.0,2600.0,1.0,5.0,1964.0,50.0,37.0,12.0,1.0,Німанська,Печерський,економ
54100.0,1.0,1339.0,4.0,26.0,2018.0,79.0,37.0,14.0,28.0,Каховська,Дніпровський,бізнес
239000.0,3.0,3025.0,3.0,7.0,1954.0,79.0,44.0,13.0,22.0,Малопідвальна,Шевченківський,бізнес
140000.0,2.0,2188.0,10.0,14.0,2009.0,64.0,34.0,15.0,15.0,Невська,Святошинський,бізнес
128000.0,2.0,2612.0,5.0,14.0,2015.0,49.0,14.0,17.0,18.0,Златоустівська,Святошинський,бізнес
31000.0,1.0,1107.0,9.0,9.0,1986.0,28.0,13.0,6.0,9.0,Берковецька,Святошинський,економ
41187.0,1.0,936.0,3.0,13.0,2009.0,44.0,19.0,11.0,14.0,Берковецька,Святошинський,бізнес
120000.0,3.0,1188.0,11.0,16.0,1998.0,101.0,37.0,14.0,50.0,Бажана,"Голосіївський, Печерський",бізнес
740000.0,1.0,2772.0,20.0,24.0,2019.0,267.0,150.0,75.0,42.0,Антоновича,"Голосіївський, Печерський",бізнес
180000.0,3.0,2400.0,3.0,8.0,1990.0,75.0,41.0,9.0,25.0,Гречка,Дніпровський,бізнес
63000.0,3.0,900.0,1.0,9.0,1973.0,70.0,41.0,8.0,21.0,Гречка,Дніпровський,економ
126000.0,2.0,1658.0,15.0,32.0,2020.0,76.0,41.0,14.0,21.0,Микільсько-Слобідська,Дніпровський,бізнес
80000.0,2.0,1067.0,6.0,26.0,2009.0,75.0,27.0,21.0,27.0,Правди,Подільський,бізнес
98000.0,1.0,1750.0,8.0,18.0,2018.0,56.0,22.0,19.0,15.0,Тимошенка,Святошинський,бізнес
150000.0,2.0,1807.0,16.0,23.0,2003.0,83.0,37.0,14.0,32.0,Павла Тичини,Святошинський,бізнес
100000.0,3.0,1000.0,8.0,17.0,2003.0,100.0,64.0,14.0,22.0,Олевська,Святошинський,бізнес
120000.0,3.0,1237.0,2.0,21.0,2016.0,97.0,52.0,20.0,25.0,Освіти,Солом'янський,бізнес
41000.0,1.0,1464.0,9.0,9.0,1969.0,28.0,17.0,5.0,6.0,Іллєнка,Оболонський,економ
135000.0,1.0,1552.0,15.0,22.0,2012.0,87.0,15.0,40.0,32.0,Дніпровська,Оболонський,бізнес
155000.0,3.0,1742.0,4.0,4.0,1917.0,89.0,37.0,13.0,39.0,Івана Мазепи,Дніпровський,бізнес
90000.0,3.0,1286.0,5.0,16.0,1974.0,70.0,46.0,7.0,17.0,Українки,Дніпровський,бізнес
132000.0,2.0,1347.0,1.0,6.0,2016.0,98.0,32.0,18.0,48.0,Данченка,Дніпровський,бізнес
230000.0,2.0,4600.0,8.0,18.0,2009.0,50.0,37.0,14.0,0.0,Драгомирова,Дніпровський,бізнес
185000.0,3.0,2011.0,18.0,25.0,2017.0,92.0,37.0,14.0,41.0,Тбіліський,Дніпровський,бізнес
70500.0,2.0,1203.0,20.0,26.0,2020.0,113.0,28.0,14.0,71.0,Каховська,Дніпровський,бізнес
87000.0,3.0,915.0,9.0,19.0,2019.0,113.0,52.0,14.0,47.0,Ушинського,Солом'янський,бізнес
185000.0,3.0,1637.0,8.0,24.0,2007.0,113.0,37.0,14.0,62.0,Урлівська,Дарницький,бізнес
49860.0,2.0,997.0,2.0,9.0,1974.0,50.0,30.0,6.0,14.0,Світлицького,Подільський,економ
100000.0,2.0,1408.0,15.0,23.0,2007.0,71.0,30.0,12.0,29.0,Дніпровська,Оболонський,бізнес
90000.0,1.0,1800.0,3.0,25.0,2009.0,50.0,25.0,14.0,11.0,Липківського,Дніпровський,бізнес
152000.0,2.0,1949.0,14.0,30.0,2020.0,78.0,37.0,12.0,29.0,Микільсько-Слобідська,Дніпровський,бізнес
159900.0,3.0,1259.0,15.0,25.0,2007.0,127.0,77.0,14.0,36.0,Лобановського,Оболонський,бізнес
280000.0,3.0,2137.0,8.0,9.0,2005.0,131.0,75.0,25.0,31.0,Героїв Сталінграда,Оболонський,бізнес
85000.0,1.0,1545.0,6.0,25.0,2007.0,55.0,24.0,13.0,18.0,Дніпровська,Оболонський,бізнес
67000.0,2.0,1098.0,13.0,15.0,1994.0,61.0,31.0,9.0,21.0,Драгоманова,Дарницький,бізнес
59000.0,1.0,1224.0,16.0,25.0,2010.0,90.0,37.0,14.0,39.0,Ахматової,Печерський,бізнес
420000.0,2.0,4667.0,5.0,18.0,2017.0,90.0,37.0,14.0,39.0,Саперне Поле,Печерський,бізнес
65000.0,2.0,1048.0,15.0,17.0,2018.0,62.0,34.0,12.0,16.0,Данченка,Голосіївський,бізнес
63000.0,3.0,1125.0,5.0,5.0,1965.0,56.0,42.0,6.0,8.0,Голосіївський,Голосіївський,економ
95000.0,1.0,2568.0,5.0,11.0,1967.0,37.0,22.0,7.0,8.0,Глибочицька,Шевченківський,економ
100000.0,2.0,1562.0,8.0,20.0,2009.0,64.0,31.0,18.0,15.0,Глибочицька,Шевченківський,бізнес
165000.0,4.0,1213.0,11.0,12.0,2019.0,136.0,100.0,30.0,6.0,Багговутівська,Шевченківський,бізнес
150000.0,3.0,2239.0,3.0,5.0,1917.0,67.0,42.0,14.0,11.0,Саксаганського,"Голосіївський, Печерський, Шевченківський",бізнес
64000.0,2.0,914.0,7.0,25.0,2009.0,70.0,36.0,10.0,24.0,Моторний,Печерський,бізнес
295000.0,2.0,4275.0,5.0,15.0,2019.0,69.0,49.0,20.0,0.0,Саперне Поле,Печерський,бізнес
55000.0,1.0,965.0,10.0,25.0,2018.0,57.0,20.0,16.0,21.0,Вернадського,Шевченківський,бізнес
79900.0,3.0,1051.0,7.0,10.0,1997.0,76.0,40.0,12.0,24.0,Курбаса,Шевченківський,бізнес
100000.0,1.0,2273.0,3.0,11.0,2019.0,44.0,37.0,10.0,0.0,Багговутівська,Шевченківський,бізнес
122000.0,2.0,1679.0,4.0,9.0,2009.0,75.0,37.0,14.0,24.0,Набережно-Рибальська,Подільський,бізнес
145000.0,2.0,1933.0,4.0,4.0,1899.0,75.0,42.0,10.0,23.0,Саксаганського,"Голосіївський, Печерський, Шевченківський",економ
133000.0,3.0,1385.0,20.0,25.0,2015.0,96.0,50.0,16.0,30.0,Малиновського,Солом'янський,бізнес
143000.0,3.0,1486.0,4.0,9.0,2011.0,45.0,40.0,30.0,0.0,Протасів Яр,Солом'янський,бізнес
62000.0,2.0,1378.0,2.0,5.0,1968.0,45.0,30.0,7.0,8.0,Німанська,Печерський,економ
95000.0,3.0,1397.0,3.0,9.0,2009.0,68.0,40.0,8.0,20.0,Підвисоцького,Святошинський,бізнес
38000.0,1.0,1152.0,4.0,9.0,1970.0,33.0,17.0,8.0,8.0,Зодчих,Святошинський,економ
52500.0,2.0,1050.0,9.0,9.0,1973.0,50.0,30.0,14.0,6.0,Рокосовського,Печерський,бізнес
229000.0,2.0,3181.0,5.0,6.0,1935.0,72.0,42.0,10.0,20.0,Шовковична,Печерський,економ
62000.0,1.0,1550.0,7.0,26.0,2017.0,40.0,17.0,11.0,12.0,Крушельницької,Солом'янський,бізнес
70000.0,2.0,1006.0,23.0,25.0,2009.0,40.0,37.0,14.0,0.0,Новопольова,Солом'янський,бізнес
45000.0,1.0,1125.0,11.0,26.0,2009.0,40.0,17.0,10.0,13.0,Визволителів,Дніпровський,бізнес
70000.0,3.0,875.0,5.0,6.0,2009.0,80.0,54.0,8.0,18.0,Сонячна,Шевченківський,бізнес
158000.0,2.0,2135.0,24.0,25.0,2014.0,74.0,38.0,15.0,21.0,Сікорського,Шевченківський,бізнес
58900.0,2.0,950.0,14.0,25.0,2009.0,62.0,37.0,12.0,13.0,Радченка,Шевченківський,бізнес
104700.0,1.0,2380.0,14.0,19.0,2020.0,44.0,18.0,11.0,15.0,Бульварно-Кудрявська,Шевченківський,бізнес
37000.0,1.0,925.0,11.0,25.0,2009.0,40.0,37.0,10.0,0.0,Кайсарова,"Голосіївський,Солом'янський",бізнес
46000.0,3.0,767.0,1.0,5.0,1965.0,60.0,40.0,8.0,12.0,Перова,Дніпровський,економ
150000.0,3.0,1500.0,4.0,25.0,2016.0,100.0,53.0,15.0,32.0,Глушкова,Голосіївський,бізнес
120000.0,2.0,1379.0,20.0,25.0,2013.0,87.0,40.0,20.0,27.0,Саперно-Слобідська,Голосіївський,бізнес
38000.0,1.0,1118.0,4.0,9.0,1979.0,34.0,18.0,7.0,9.0,Миколи Кибальчича,"Голосіївський, Печерський",економ
45000.0,3.0,750.0,9.0,9.0,1980.0,60.0,40.0,7.0,13.0,Миколи Ушакова,"Голосіївський, Печерський",бізнес
250000.0,3.0,1538.0,10.0,22.0,2001.0,106.0,50.0,20.0,36.0,Антоновича,"Голосіївський, Печерський",бізнес
185000.0,3.0,1745.0,18.0,25.0,2014.0,106.0,37.0,14.0,55.0,Богданівська,Солом'янський,бізнес
68000.0,2.0,1030.0,10.0,26.0,2020.0,66.0,27.0,24.0,15.0,Сверстюка,Дарницький,бізнес
57000.0,1.0,1295.0,9.0,25.0,2019.0,44.0,37.0,16.0,0.0,Сверстюка,Дарницький,бізнес
52500.0,2.0,721.0,7.0,25.0,2021.0,130.0,30.0,18.0,82.0,Ревуцького,Дарницький,бізнес
250000.0,4.0,1923.0,7.0,22.0,2010.0,130.0,50.0,50.0,30.0,Ованеса Туманяна,Печерський,бізнес
540000.0,4.0,4000.0,4.0,14.0,2019.0,135.0,37.0,14.0,84.0,Саперне Поле,Печерський,бізнес
120000.0,3.0,945.0,12.0,16.0,1997.0,127.0,37.0,14.0,76.0,Григоренка,Оболонський,бізнес
55999.0,1.0,1400.0,13.0,14.0,2020.0,40.0,22.0,6.0,12.0,Гречка,Оболонський,бізнес
68800.0,3.0,1110.0,2.0,12.0,1977.0,62.0,40.0,8.0,14.0,Богатирська,Оболонський,бізнес
120000.0,2.0,2400.0,19.0,22.0,2009.0,50.0,37.0,14.0,0.0,Білоруська,Шевченківський,бізнес
94000.0,1.0,2043.0,1.0,9.0,2009.0,46.0,37.0,14.0,0.0,Регенераторна,Дніпровський,економ
65500.0,1.0,1770.0,20.0,27.0,2019.0,37.0,14.0,9.0,14.0,Вишняківська,Дарницький,бізнес
50000.0,2.0,1087.0,16.0,16.0,1982.0,46.0,26.0,8.0,12.0,Гонгадзе,Подільський,бізнес
52500.0,1.0,1117.0,15.0,25.0,2019.0,47.0,15.0,18.0,14.0,Правди,Подільський,бізнес
64980.0,4.0,812.0,4.0,9.0,1969.0,80.0,56.0,7.0,17.0,Кольцова,Святошинський,економ
115000.0,2.0,1643.0,13.0,17.0,2014.0,70.0,32.0,12.0,26.0,Воскресенська,Дніпровський,бізнес
200000.0,2.0,2564.0,14.0,20.0,2005.0,78.0,38.0,19.0,21.0,Руставелі,Голосіївський,бізнес
484000.0,2.0,3569.0,2.0,24.0,2010.0,45.0,37.0,14.0,0.0,Голосіївський,Голосіївський,бізнес
79000.0,1.0,1775.0,5.0,18.0,2015.0,45.0,37.0,15.0,0.0,Комбінатна,Дніпровський,бізнес
45000.0,2.0,1000.0,5.0,5.0,1960.0,45.0,31.0,6.0,8.0,Салютна,Шевченківський,економ
91999.0,3.0,1000.0,1.0,5.0,1958.0,92.0,48.0,27.0,17.0,Ромоданова,Печерський,бізнес
128000.0,1.0,2510.0,2.0,9.0,2015.0,51.0,15.0,25.0,11.0,Саперне Поле,Печерський,бізнес
38700.0,1.0,900.0,18.0,25.0,2009.0,43.0,15.0,16.0,12.0,Сім’ї Кульженків,"Голосіївський, Печерський",бізнес
95000.0,2.0,1557.0,3.0,5.0,1960.0,61.0,37.0,14.0,10.0,Лабораторна,"Голосіївський, Печерський",бізнес
77000.0,1.0,1426.0,16.0,24.0,2015.0,54.0,22.0,11.0,21.0,Драгоманова,Дарницький,бізнес
52990.0,1.0,1162.0,7.0,22.0,2009.0,140.0,19.0,20.0,101.0,Кудрявська,Шевченківський,бізнес
330000.0,3.0,2357.0,2.0,9.0,2000.0,140.0,37.0,14.0,89.0,Кудрявська,Шевченківський,економ
83000.0,2.0,1107.0,10.0,26.0,2019.0,75.0,30.0,27.0,18.0,Краківська,Дніпровський,бізнес
105000.0,2.0,1721.0,12.0,12.0,2008.0,61.0,27.0,26.0,8.0,Кольцова,Святошинський,бізнес
225000.0,2.0,4500.0,8.0,23.0,2019.0,50.0,37.0,14.0,0.0,Антоновича,"Голосіївський, Печерський",бізнес
62000.0,2.0,954.0,3.0,19.0,2001.0,65.0,37.0,14.0,14.0,Лариси Руденко,Оболонський,бізнес
90000.0,4.0,811.0,1.0,14.0,2008.0,111.0,72.0,12.0,27.0,Івана Пулюя,Оболонський,бізнес
215000.0,3.0,2389.0,2.0,5.0,1959.0,90.0,40.0,10.0,40.0,Українки,Оболонський,економ
137000.0,3.0,1575.0,1.0,9.0,1970.0,87.0,59.0,13.0,15.0,Тютюнника,Оболонський,бізнес
36000.0,1.0,1000.0,9.0,9.0,1980.0,36.0,19.0,7.0,10.0,Юрія Смолича,Оболонський,економ
195000.0,4.0,1931.0,6.0,24.0,2014.0,101.0,70.0,15.0,16.0,Оболонський,Оболонський,бізнес
60000.0,3.0,882.0,7.0,16.0,1975.0,68.0,44.0,8.0,16.0,Курбаса,Оболонський,бізнес
87000.0,2.0,1338.0,16.0,17.0,2002.0,65.0,37.0,13.0,15.0,Верховинця,Оболонський,бізнес
210000.0,2.0,2442.0,9.0,23.0,2012.0,86.0,42.0,21.0,23.0,Дніпровська,Оболонський,бізнес
135000.0,2.0,1776.0,11.0,25.0,2011.0,76.0,45.0,12.0,19.0,Коломийський,Голосіївський,бізнес
84000.0,3.0,944.0,8.0,26.0,2009.0,89.0,43.0,18.0,28.0,Правди,Подільський,бізнес
160000.0,3.0,2000.0,21.0,25.0,2018.0,80.0,37.0,14.0,29.0,Каховська,Дніпровський,бізнес
292000.0,3.0,2454.0,10.0,11.0,2009.0,119.0,37.0,17.0,65.0,Бойчука,Подільський,бізнес
53000.0,1.0,1104.0,8.0,25.0,2009.0,48.0,14.0,19.0,15.0,Правди,Подільський,бізнес
115000.0,1.0,2738.0,6.0,24.0,2019.0,42.0,37.0,14.0,0.0,Маккейна,Шевченківський,бізнес
90900.0,1.0,1748.0,14.0,36.0,2009.0,52.0,37.0,14.0,1.0,Перемоги,Шевченківський,бізнес
2100000.0,3.0,7292.0,7.0,11.0,2007.0,288.0,150.0,35.0,103.0,Грушевського,Дарницький,бізнес
980000.0,6.0,2761.0,7.0,7.0,2010.0,355.0,320.0,33.0,2.0,Срібнокільська,Дарницький,бізнес
91260.0,1.0,1738.0,29.0,36.0,2009.0,75.0,17.0,14.0,44.0,Перемоги,Шевченківський,бізнес
118000.0,2.0,1573.0,16.0,22.0,2010.0,75.0,32.0,12.0,31.0,Урлівська,Дарницький,бізнес
84100.0,2.0,1294.0,22.0,32.0,2009.0,65.0,34.0,14.0,17.0,Заболотного,Святошинський,бізнес
79700.0,1.0,2952.0,23.0,23.0,2012.0,27.0,15.0,5.0,7.0,Максимовича,Святошинський,економ
220000.0,4.0,1746.0,16.0,23.0,2004.0,126.0,80.0,14.0,32.0,Бажана,Оболонський,бізнес
155000.0,2.0,2214.0,9.0,10.0,2014.0,70.0,37.0,14.0,19.0,Сікорського,Оболонський,бізнес
40000.0,1.0,1176.0,10.0,16.0,1973.0,34.0,37.0,8.0,0.0,Курбаса,Оболонський,бізнес
68500.0,1.0,1593.0,11.0,27.0,2009.0,43.0,14.0,16.0,13.0,Дніпровська,Оболонський,бізнес
720000.0,4.0,4500.0,8.0,18.0,2009.0,160.0,37.0,14.0,109.0,Драгомирова,Деснянський,бізнес
64000.0,2.0,1231.0,3.0,12.0,1983.0,52.0,30.0,9.0,13.0,Антонова,Деснянський,бізнес
44000.0,2.0,1023.0,5.0,5.0,1960.0,43.0,27.0,6.0,10.0,Антонова,Деснянський,економ
63000.0,3.0,1086.0,7.0,9.0,2009.0,58.0,40.0,7.0,11.0,Бучми,Деснянський,бізнес
64500.0,3.0,935.0,7.0,9.0,1970.0,69.0,45.0,10.0,14.0,Кубанської України,Деснянський,бізнес
249999.0,3.0,2500.0,17.0,25.0,2017.0,100.0,37.0,14.0,49.0,Панельна,Оболонський,бізнес
270000.0,4.0,1525.0,17.0,25.0,2005.0,177.0,112.0,18.0,47.0,Коновальця,Оболонський,бізнес
52000.0,1.0,1238.0,4.0,4.0,2009.0,42.0,17.0,14.0,11.0,Богатирська,Оболонський,бізнес
50000.0,1.0,1562.0,9.0,9.0,1977.0,32.0,17.0,7.0,8.0,Оболонський,Оболонський,економ
465000.0,4.0,3019.0,18.0,25.0,2005.0,154.0,37.0,14.0,103.0,Українки,Подільський,бізнес
125000.0,3.0,1623.0,3.0,24.0,2015.0,77.0,42.0,14.0,21.0,Бориса Гмирі,Подільський,бізнес
84000.0,2.0,1000.0,19.0,25.0,2009.0,84.0,37.0,23.0,24.0,Правди,Подільський,бізнес
69000.0,1.0,1643.0,8.0,10.0,2018.0,42.0,12.0,20.0,10.0,Центральна,Дніпровський,бізнес
70000.0,2.0,1446.0,6.0,9.0,1968.0,146.0,30.0,8.0,108.0,Преображенська,Солом'янський,економ
260000.0,4.0,1781.0,24.0,24.0,2018.0,146.0,37.0,14.0,95.0,Коновальця,"Голосіївський, Шевченківський, Печерський",бізнес
124860.0,2.0,2230.0,5.0,5.0,1959.0,56.0,30.0,9.0,17.0,Українки,"Голосіївський, Шевченківський, Печерський",бізнес
135000.0,4.0,1688.0,5.0,5.0,1959.0,80.0,55.0,15.0,10.0,Велика Васильківська,"Голосіївський, Шевченківський, Печерський",бізнес
170000.0,3.0,2068.0,4.0,5.0,1910.0,50.0,37.0,14.0,0.0,Велика Васильківська,"Голосіївський, Шевченківський, Печерський",бізнес
84000.0,1.0,1680.0,12.0,26.0,2018.0,50.0,16.0,16.0,18.0,Липківського,Голосіївський,бізнес
612500.0,5.0,2300.0,10.0,11.0,2009.0,37.0,37.0,38.0,0.0,Бойчука,Голосіївський,бізнес
46500.0,2.0,1257.0,5.0,5.0,1962.0,37.0,22.0,7.0,8.0,Васильківська,Голосіївський,економ
129000.0,3.0,1162.0,21.0,25.0,2007.0,111.0,58.0,14.0,39.0,Данькевича,Оболонський,бізнес
89332.9,3.0,1146.5,1.0,4.0,2009.0,72.0,37.0,14.0,21.0,Богатирська,Оболонський,бізнес
99000.0,3.0,1375.0,9.0,10.0,1977.0,72.0,37.0,14.0,21.0,Українки,Печерський,бізнес
117000.0,3.0,1603.0,9.0,16.0,2009.0,73.0,29.0,11.0,33.0,Гречка,Печерський,бізнес
1035900.0,5.0,4504.0,4.0,8.0,2016.0,230.0,75.0,78.0,77.0,Редутна,Печерський,бізнес
132000.0,3.0,1650.0,22.0,24.0,2015.0,80.0,37.0,14.0,29.0,Бориса Гмирі,Подільський,бізнес
340000.0,3.0,2833.0,2.0,18.0,2010.0,120.0,37.0,20.0,63.0,Драгомирова,Подільський,бізнес
31000.0,1.0,1192.0,2.0,5.0,1965.0,26.0,37.0,6.0,0.0,Туполєва,Подільський,економ
55000.0,3.0,859.0,1.0,9.0,1971.0,64.0,41.0,14.0,9.0,Кондратюка,Подільський,економ
43000.0,2.0,915.0,1.0,9.0,1971.0,47.0,30.0,7.0,10.0,Мінський,Подільський,економ
235000.0,4.0,1728.0,8.0,24.0,2007.0,136.0,81.0,17.0,38.0,Княжий Затон,Дарницький,бізнес
105900.0,1.0,1925.0,22.0,26.0,2016.0,55.0,37.0,14.0,4.0,Герцена,Шевченківський,бізнес
49700.0,1.0,1012.0,19.0,25.0,2020.0,110.0,18.0,18.0,74.0,Балтійський,Оболонський,бізнес
110000.0,3.0,1000.0,10.0,17.0,2010.0,110.0,61.0,16.0,33.0,Ернста,Голосіївський,бізнес
275000.0,2.0,3929.0,6.0,25.0,2010.0,70.0,37.0,25.0,8.0,Шаповала,Голосіївський,бізнес
220000.0,2.0,3607.0,2.0,5.0,2009.0,61.0,30.0,10.0,21.0,Городецького,Голосіївський,економ
30000.0,1.0,602.0,22.0,25.0,2009.0,81.0,37.0,14.0,30.0,Сім'ї Сосніних,Голосіївський,бізнес
140000.0,1.0,2729.0,10.0,12.0,2009.0,81.0,37.0,14.0,30.0,Івана Мазепи,Голосіївський,бізнес
132500.0,2.0,1636.0,15.0,22.0,2012.0,81.0,37.0,16.0,28.0,Червоноткацька,Голосіївський,бізнес
50000.0,1.0,1667.0,5.0,5.0,1962.0,30.0,16.0,5.0,9.0,Голосіївська,Голосіївський,економ
225000.0,3.0,2022.0,11.0,25.0,2008.0,71.0,37.0,14.0,20.0,Голосіївська,Голосіївський,бізнес
165000.0,2.0,2324.0,2.0,4.0,1895.0,71.0,47.0,8.0,16.0,Миколи Гулака,Печерський,економ
65000.0,2.0,970.0,24.0,25.0,2019.0,67.0,34.0,11.0,22.0,Миколи Гулака,Печерський,бізнес
230000.0,2.0,4107.0,3.0,25.0,2019.0,56.0,37.0,14.0,5.0,Івана Федорова,Печерський,бізнес
205000.0,1.0,3796.0,13.0,14.0,2017.0,54.0,18.0,25.0,11.0,Саперне Поле,Печерський,бізнес
33071.4,1.0,718.9,24.0,25.0,2009.0,46.0,25.0,12.0,9.0,Миколи Хвильового,Шевченківський,бізнес
777500.0,3.0,4494.0,3.0,13.0,2003.0,173.0,111.0,19.0,43.0,Паторжинського,Шевченківський,бізнес
128500.0,3.0,988.0,23.0,24.0,2014.0,130.0,90.0,15.0,25.0,Наумовича,Оболонський,бізнес
80000.0,2.0,1404.0,25.0,25.0,2010.0,57.0,24.0,19.0,14.0,Калнишевського,Оболонський,бізнес
100500.0,2.0,1378.0,16.0,26.0,2009.0,47.0,37.0,14.0,0.0,Дніпровська,Оболонський,бізнес
149000.0,1.0,3170.0,3.0,9.0,2009.0,47.0,37.0,14.0,0.0,Електриків,Подільський,економ
95000.0,1.0,2317.0,14.0,25.0,2018.0,41.0,37.0,14.0,0.0,Солом'янська,Солом'янський,бізнес
159000.0,2.0,2446.0,4.0,4.0,1898.0,65.0,15.0,30.0,20.0,Шевченка,Деснянський,бізнес
68000.0,2.0,1259.0,14.0,16.0,1982.0,54.0,37.0,14.0,3.0,Озерна,Оболонський,бізнес
89400.0,3.0,1090.0,9.0,15.0,1998.0,82.0,42.0,14.0,26.0,Григоренка,Голосіївський,бізнес
330000.0,3.0,2674.0,4.0,24.0,2016.0,136.0,56.0,14.0,66.0,Антонова,Голосіївський,бізнес
229000.0,3.0,1684.0,2.0,24.0,2013.0,136.0,72.0,20.0,44.0,Голосіївський,Голосіївський,бізнес
67000.0,1.0,1426.0,16.0,16.0,2016.0,47.0,37.0,14.0,0.0,Комарова,"Солом'янський, Шевченківський ",бізнес
66500.0,2.0,1279.0,9.0,10.0,1989.0,52.0,29.0,8.0,15.0,Борщагівська,"Солом'янський, Шевченківський ",бізнес
480000.0,4.0,3200.0,20.0,23.0,2009.0,150.0,84.0,16.0,50.0,Шевченка,Деснянський,бізнес
74000.0,1.0,1762.0,3.0,16.0,2009.0,42.0,37.0,14.0,0.0,Максимовича,Святошинський,бізнес
175000.0,3.0,1842.0,10.0,25.0,2011.0,95.0,52.0,11.0,32.0,Ковальський,Солом'янський,бізнес
159000.0,2.0,2092.0,20.0,24.0,2016.0,76.0,37.0,14.0,25.0,Малевича,Печерський,бізнес
3200000.0,5.0,9143.0,5.0,5.0,2009.0,350.0,37.0,14.0,299.0,Мічуріна,Печерський,еліт
380000.0,3.0,1990.0,15.0,47.0,2012.0,191.0,37.0,14.0,140.0,Балтійський,Оболонський,бізнес
63000.0,2.0,808.0,22.0,25.0,2009.0,78.0,36.0,12.0,30.0,Балтійський,Оболонський,бізнес
85000.0,3.0,1104.0,6.0,20.0,1998.0,77.0,45.0,9.0,23.0,Азербайджанська,Дніпровський,бізнес
130032.0,2.0,1548.0,15.0,25.0,2016.0,84.0,50.0,17.0,17.0,Зарічна,Дарницький,бізнес
95700.0,3.0,1113.0,25.0,25.0,2016.0,86.0,43.0,12.0,31.0,Чавдар,Подільський,бізнес
50000.0,1.0,1316.0,18.0,24.0,2019.0,38.0,17.0,10.0,11.0,Правди,Подільський,бізнес
114900.0,3.0,1197.0,12.0,22.0,2006.0,96.0,47.0,14.0,35.0,Урлівська,Дарницький,бізнес
41500.0,1.0,1092.0,4.0,25.0,2009.0,38.0,17.0,10.0,11.0,Бориспільська,Дарницький,бізнес
125000.0,3.0,1302.0,12.0,25.0,2016.0,96.0,46.0,14.0,36.0,Поправки,Дарницький,бізнес
48000.0,2.0,923.0,7.0,16.0,2009.0,52.0,37.0,14.0,1.0,Бориспільська,Дарницький,бізнес
59899.0,2.0,1393.0,9.0,9.0,1967.0,43.0,28.0,7.0,8.0,Ентузіастів,Дніпровський,економ
83000.0,1.0,1566.0,10.0,10.0,2017.0,53.0,37.0,14.0,2.0,Малоземельна,Дарницький,бізнес
335000.0,1.0,4926.0,22.0,32.0,2016.0,68.0,16.0,35.0,17.0,Саксаганського,"Голосіївський, Печерський, Шевченківський",бізнес
98500.0,3.0,1449.0,5.0,9.0,1980.0,68.0,43.0,10.0,15.0,Героїв Сталінграда,Оболонський,бізнес
58000.0,3.0,841.0,9.0,9.0,1971.0,69.0,37.0,14.0,18.0,Зодчих,Святошинський,бізнес
52000.0,1.0,1576.0,10.0,24.0,2010.0,33.0,15.0,7.0,11.0,Калнишевського,Печерський,бізнес
195000.0,2.0,1550.0,8.0,18.0,2009.0,168.0,37.0,14.0,117.0,Філатова,Печерський,бізнес
345000.0,4.0,2054.0,10.0,18.0,2005.0,168.0,89.0,13.0,66.0,Старонаводницька,Печерський,бізнес
89900.0,2.0,1138.0,2.0,34.0,2009.0,79.0,32.0,20.0,27.0,Заболотного,Подільський,бізнес
58000.0,1.0,1286.0,24.0,25.0,2009.0,65.0,37.0,14.0,14.0,Правди,Подільський,бізнес
66500.0,3.0,1023.0,5.0,9.0,1978.0,65.0,42.0,8.0,15.0,Антоновича,"Голосіївський, Печерський",бізнес
290000.0,1.0,6444.0,22.0,24.0,2019.0,45.0,12.0,18.0,15.0,Антоновича,"Голосіївський, Печерський",бізнес
380000.0,4.0,1767.0,3.0,25.0,2011.0,215.0,110.0,40.0,65.0,Шаповала,Шевченківський,бізнес
135000.0,2.0,1800.0,5.0,10.0,2001.0,75.0,27.0,34.0,14.0,Деревлянська,Шевченківський,бізнес
165000.0,3.0,1602.0,9.0,17.0,2011.0,103.0,60.0,25.0,18.0,Вільямса,Солом'янський,бізнес
107000.0,3.0,1189.0,12.0,14.0,2010.0,90.0,52.0,11.0,27.0,Васильченка,Солом'янський,бізнес
139990.0,1.0,3182.0,24.0,24.0,2017.0,44.0,20.0,15.0,9.0,Предславинська,Печерський,бізнес
31000.0,1.0,886.0,14.0,25.0,2009.0,35.0,37.0,14.0,0.0,Крайня,Деснянський,бізнес
58000.0,2.0,866.0,15.0,25.0,2009.0,67.0,32.0,12.0,23.0,Милославська,Деснянський,бізнес
145000.0,3.0,1593.0,3.0,25.0,2018.0,91.0,68.0,17.0,6.0,Воскресенська,Дніпровський,бізнес
67900.0,2.0,1235.0,22.0,26.0,2009.0,55.0,25.0,15.0,15.0,Маланюка,Оболонський,бізнес
230000.0,3.0,2035.0,12.0,24.0,2007.0,113.0,53.0,15.0,45.0,Дніпровська,Оболонський,бізнес
240000.0,3.0,2449.0,4.0,5.0,1895.0,98.0,57.0,11.0,30.0,Пушкінська,Шевченківський,бізнес
65280.0,1.0,1200.0,8.0,18.0,2009.0,61.0,37.0,14.0,10.0,Набережно-Корчуватська,Голосіївський,бізнес
150000.0,2.0,2459.0,23.0,25.0,2015.0,61.0,33.0,9.0,19.0,Зарічна,Дарницький,бізнес
499990.0,3.0,3125.0,5.0,11.0,2005.0,160.0,37.0,14.0,109.0,Тургенєвська,Шевченківський,бізнес
66624.0,3.0,833.1,13.0,26.0,2009.0,45.0,37.0,14.0,0.0,Радченка,Дарницький,бізнес
140000.0,3.0,1265.0,6.0,9.0,2009.0,45.0,37.0,38.0,0.0,Зарічна,Дарницький,бізнес
68900.0,1.0,1531.0,8.0,9.0,2016.0,45.0,25.0,11.0,9.0,Метрологічна,Голосіївський,бізнес
49500.0,2.0,1053.0,5.0,9.0,1969.0,47.0,28.0,7.0,12.0,Кольцова,Святошинський,економ
138000.0,2.0,2300.0,13.0,14.0,2017.0,60.0,30.0,10.0,20.0,Максимовича,Святошинський,бізнес
55500.0,2.0,911.0,8.0,18.0,1971.0,106.0,28.0,14.0,64.0,Науки,Голосіївський,бізнес
206000.0,3.0,1943.0,18.0,20.0,2008.0,106.0,58.0,14.0,34.0,Саперно-Слобідська,Голосіївський,бізнес
110000.0,1.0,3333.0,3.0,10.0,1977.0,33.0,20.0,14.0,0.0,Шовковична,Печерський,бізнес
250000.0,3.0,2809.0,3.0,23.0,2019.0,89.0,37.0,14.0,38.0,Трускавецька,Дарницький,бізнес
59157.0,2.0,873.0,11.0,17.0,2009.0,46.0,37.0,14.0,0.0,Гавела,"Шевченківський, Солом'янський",бізнес
53000.0,1.0,1152.0,7.0,25.0,2009.0,46.0,37.0,14.0,0.0,Повітрофлотський,"Шевченківський, Солом'янський",бізнес
58000.0,3.0,1000.0,9.0,9.0,1967.0,58.0,37.0,8.0,13.0,Запорожця,Шевченківський,бізнес
177000.0,2.0,2185.0,5.0,13.0,2019.0,81.0,55.0,15.0,11.0,Маккейна,Шевченківський,бізнес
86000.0,1.0,1654.0,8.0,36.0,2009.0,52.0,19.0,14.0,19.0,Перемоги,Шевченківський,бізнес
70000.0,3.0,745.0,4.0,20.0,2014.0,94.0,45.0,14.0,35.0,Щербаківського,Дарницький,бізнес
73000.0,1.0,1521.0,20.0,26.0,2018.0,48.0,10.0,23.0,15.0,Зарічна,Дарницький,бізнес
45000.0,1.0,1125.0,9.0,10.0,1994.0,40.0,18.0,9.0,13.0,Будищанська,Деснянський,бізнес
115000.0,1.0,2300.0,10.0,24.0,2019.0,50.0,17.0,21.0,12.0,Жилянська,"Печерський, Голосіївський, Шевченківський",бізнес
88000.0,2.0,989.0,4.0,25.0,2014.0,89.0,60.0,15.0,14.0,Ревуцького,Дарницький,бізнес
29900.0,1.0,906.0,4.0,4.0,1960.0,33.0,19.0,6.0,8.0,Бородіна,Дарницький,економ
189000.0,4.0,1550.0,8.0,18.0,2009.0,70.0,37.0,14.0,19.0,Руставелі,Дарницький,бізнес
95000.0,2.0,1730.0,10.0,16.0,1993.0,70.0,29.0,14.0,27.0,Драгоманова,Дарницький,бізнес
128000.0,2.0,1829.0,21.0,24.0,2014.0,70.0,30.0,19.0,21.0,Преображенська,Солом'янський,бізнес
68000.0,3.0,1172.0,1.0,3.0,2009.0,58.0,35.0,6.0,17.0,Депутатська,Святошинський,економ
85000.0,2.0,1312.0,17.0,25.0,2009.0,77.0,38.0,14.0,25.0,Багговутівська,Шевченківський,бізнес
160000.0,3.0,2078.0,3.0,5.0,2009.0,77.0,37.0,14.0,26.0,Сікорського,Шевченківський,бізнес
135000.0,2.0,2596.0,24.0,25.0,2014.0,52.0,40.0,20.0,0.0,Сікорського,Шевченківський,бізнес
800000.0,5.0,4000.0,8.0,18.0,2009.0,200.0,37.0,14.0,149.0,Драгомирова,Шевченківський,бізнес
250000.0,3.0,2336.0,10.0,24.0,2016.0,107.0,66.0,13.0,28.0,Коперніка,Шевченківський,бізнес
127000.0,2.0,1814.0,7.0,17.0,2002.0,70.0,36.0,15.0,19.0,Васильківська,Голосіївський,бізнес
98000.0,1.0,1661.0,16.0,24.0,2009.0,59.0,18.0,14.0,27.0,Глибочицька,Шевченківський,бізнес
125000.0,3.0,1389.0,18.0,25.0,2016.0,90.0,37.0,18.0,35.0,Чавдар,Оболонський,бізнес
115000.0,2.0,1420.0,23.0,25.0,2007.0,81.0,41.0,16.0,24.0,Дніпровська,Оболонський,бізнес
90000.0,2.0,1550.0,8.0,18.0,2009.0,51.0,37.0,14.0,0.0,Антоновича,"Голосіївський, Печерський",бізнес
56000.0,2.0,1098.0,2.0,10.0,1987.0,51.0,30.0,8.0,13.0,Славгородська,Дарницький,бізнес
53000.0,2.0,1000.0,9.0,14.0,1990.0,53.0,29.0,8.0,16.0,Славгородська,Дарницький,бізнес
250000.0,3.0,3125.0,8.0,18.0,2009.0,80.0,37.0,14.0,29.0,Драгомирова,Дарницький,бізнес
205000.0,3.0,1627.0,23.0,25.0,2010.0,126.0,74.0,14.0,38.0,Срібнокільська,Дарницький,бізнес
59950.0,3.0,517.0,10.0,16.0,2016.0,116.0,37.0,17.0,62.0,Харченка,Печерський,бізнес
250000.0,1.0,3571.0,4.0,14.0,2012.0,70.0,22.0,27.0,21.0,Окіпної,Печерський,бізнес
38500.0,1.0,1196.0,4.0,5.0,1960.0,60.0,37.0,14.0,9.0,Олени Теліги,Печерський,економ
99999.0,2.0,1667.0,15.0,26.0,2013.0,60.0,39.0,16.0,5.0,Кондратюка,Печерський,бізнес
120000.0,3.0,1739.0,1.0,9.0,1977.0,69.0,37.0,14.0,18.0,Мечнікова,Печерський,бізнес
150000.0,3.0,1829.0,5.0,12.0,1997.0,82.0,42.0,9.0,31.0,Героїв Сталінграда,Оболонський,бізнес
285000.0,4.0,1900.0,8.0,9.0,2009.0,150.0,37.0,22.0,91.0,Рибальська,Печерський,еліт
72500.0,2.0,1394.0,4.0,4.0,2019.0,52.0,30.0,14.0,8.0,Березова,Солом'янський,бізнес
750000.0,3.0,5000.0,10.0,14.0,2017.0,150.0,95.0,18.0,37.0,Саперне Поле,Печерський,бізнес
493000.0,4.0,4287.0,12.0,24.0,2019.0,115.0,80.0,20.0,15.0,Антоновича,"Голосіївський, Печерський",бізнес
290000.0,3.0,3333.0,22.0,25.0,2019.0,87.0,55.0,15.0,17.0,Маккейна,Печерський,бізнес
247000.0,3.0,2100.0,13.0,17.0,2019.0,79.0,63.0,15.0,1.0,Лейпцизька,Печерський,бізнес
90000.0,2.0,1139.0,13.0,23.0,2015.0,79.0,34.0,18.0,27.0,Драгоманова,Дарницький,бізнес
80000.0,3.0,1250.0,9.0,9.0,1972.0,64.0,37.0,14.0,13.0,Коновальця,Шевченківський,бізнес
103900.0,3.0,1071.0,21.0,25.0,2009.0,97.0,51.0,16.0,30.0,Василя Стуса,Шевченківський,бізнес
265000.0,3.0,2944.0,13.0,17.0,2006.0,90.0,38.0,42.0,10.0,Тютюнника,Шевченківський,бізнес
105000.0,3.0,1641.0,1.0,5.0,1957.0,64.0,40.0,8.0,16.0,Січових Стрільців,Шевченківський,економ
78000.0,2.0,1696.0,5.0,11.0,2018.0,46.0,20.0,20.0,6.0,Райдужна,Дніпровський,бізнес
44900.0,1.0,1182.0,7.0,10.0,1988.0,38.0,17.0,8.0,13.0,Закревського,Шевченківський,бізнес
494000.0,6.0,1502.0,8.0,10.0,1996.0,329.0,193.0,47.0,89.0,Тургенєвська,Шевченківський,бізнес
55000.0,2.0,1078.0,9.0,10.0,1982.0,51.0,31.0,8.0,12.0,Зої Космодем'янської,Деснянський,бізнес
59280.0,2.0,874.0,5.0,26.0,2009.0,44.0,37.0,14.0,0.0,Радченка,Деснянський,бізнес
56000.0,1.0,1273.0,11.0,25.0,2009.0,44.0,37.0,14.0,0.0,Сверстюка,Деснянський,бізнес
47500.0,1.0,1105.0,10.0,18.0,2006.0,43.0,20.0,10.0,13.0,Милославська,Деснянський,бізнес
100000.0,2.0,1099.0,8.0,9.0,1970.0,91.0,37.0,14.0,40.0,Метрологічна,Голосіївський,бізнес
103000.0,1.0,2341.0,8.0,18.0,2009.0,44.0,37.0,14.0,0.0,Деміївська,Голосіївський,бізнес
95000.0,3.0,1118.0,2.0,15.0,2019.0,85.0,47.0,13.0,25.0,Перемоги,Шевченківський,бізнес
76800.0,3.0,985.0,2.0,5.0,1958.0,78.0,78.0,9.0,0.0,Вишгородська,"Подільський, Оболонський",економ
257500.0,2.0,4769.0,8.0,25.0,2015.0,54.0,37.0,14.0,3.0,Маккейна,Шевченківський,бізнес
52500.0,1.0,1094.0,9.0,22.0,2009.0,48.0,37.0,21.0,0.0,Перемоги,Шевченківський,бізнес
302200.0,4.0,2001.0,5.0,22.0,2013.0,151.0,37.0,14.0,100.0,Перемоги,Шевченківський,бізнес
63500.0,2.0,814.0,22.0,25.0,2009.0,78.0,36.0,12.0,30.0,Балтійський,Оболонський,бізнес
550000.0,4.0,3416.0,8.0,26.0,2009.0,161.0,67.0,40.0,54.0,Звіринецька,Печерський,бізнес
98700.0,2.0,1484.0,15.0,25.0,2019.0,37.0,37.0,19.0,0.0,Ревуцького,Дарницький,бізнес
35000.0,1.0,946.0,8.0,9.0,1992.0,37.0,19.0,7.0,11.0,Милославська,Деснянський,економ
56000.0,2.0,851.0,14.0,24.0,2009.0,27.0,37.0,14.0,0.0,Вербицького,Солом'янський,бізнес
36000.0,1.0,1333.0,4.0,5.0,1960.0,27.0,37.0,14.0,0.0,Новгородська,Солом'янський,економ
87000.0,1.0,1839.0,2.0,25.0,2015.0,180.0,25.0,10.0,145.0,Бажана,Подільський,економ
220000.0,5.0,1222.0,5.0,6.0,2009.0,180.0,72.0,12.0,96.0,Канівська,Подільський,еліт
109000.0,3.0,1253.0,7.0,16.0,2009.0,87.0,37.0,14.0,36.0,Максимовича,Святошинський,бізнес
125000.0,2.0,1689.0,23.0,25.0,2016.0,74.0,37.0,14.0,23.0,Донця,Подільський,бізнес
600000.0,3.0,4800.0,2.0,14.0,2009.0,125.0,37.0,14.0,74.0,Драгомирова,Подільський,бізнес
60000.0,1.0,1277.0,5.0,16.0,2009.0,47.0,22.0,14.0,11.0,Тираспольська,Подільський,бізнес
15700000.0,3.0,157000.0,2.0,4.0,1917.0,100.0,76.0,12.0,12.0,Саксаганського,"Голосіївський, Печерський, Шевченківський",бізнес
45000.0,1.0,1214.9,5.0,16.0,1990.0,118.0,37.0,14.0,67.0,Тираспольська,Подільський,бізнес
160000.0,3.0,1356.0,11.0,25.0,2015.0,118.0,85.0,33.0,0.0,Зарічна,Дарницький,бізнес
65000.0,2.0,1413.0,11.0,16.0,1981.0,46.0,27.0,9.0,10.0,Гонгадзе,Подільський,бізнес
495000.0,3.0,4420.0,13.0,39.0,2017.0,112.0,37.0,14.0,61.0,Українки,Подільський,бізнес
59000.0,2.0,1283.0,3.0,5.0,1965.0,46.0,37.0,14.0,0.0,Світлицького,Подільський,економ
68000.0,2.0,1447.0,5.0,10.0,1970.0,47.0,35.0,7.0,5.0,Воробйова,Дніпровський,економ
81000.0,3.0,1012.0,17.0,25.0,2018.0,80.0,60.0,14.0,6.0,Каховська,Дніпровський,бізнес
67000.0,1.0,1675.0,9.0,23.0,2009.0,40.0,37.0,12.0,0.0,Глибочицька,Шевченківський,бізнес
170000.0,3.0,1339.0,3.0,3.0,1954.0,127.0,86.0,30.0,11.0,Білокур,Оболонський,бізнес
54500.0,1.0,996.0,23.0,25.0,2009.0,136.0,37.0,12.0,87.0,Балтійський,Оболонський,бізнес
232000.0,3.0,1706.0,11.0,13.0,2014.0,136.0,70.0,14.0,52.0,Антоновича,"Голосіївський, Печерський",бізнес
75000.0,2.0,789.0,18.0,25.0,2009.0,46.0,37.0,14.0,0.0,Кондратюка,Дарницький,бізнес
99000.0,1.0,2152.0,3.0,4.0,1898.0,46.0,25.0,10.0,11.0,Гончара,Дарницький,економ
55000.0,1.0,1310.0,6.0,25.0,2019.0,42.0,13.0,9.0,20.0,Ревуцького,Дарницький,бізнес
475000.0,3.0,5000.0,3.0,13.0,2017.0,95.0,66.0,13.0,16.0,Драгоманова,Дарницький,бізнес
70000.0,1.0,1659.0,1.0,19.0,2006.0,66.0,18.0,10.0,38.0,Драгоманова,Дарницький,економ
79900.0,2.0,1211.0,24.0,25.0,2013.0,66.0,36.0,13.0,17.0,Сім’ї Кульженків,Голосіївський,бізнес
215767.9,3.0,2157.7,8.0,16.0,2000.0,100.0,57.0,12.0,31.0,Панельна,Голосіївський,бізнес
155000.0,3.0,1550.0,13.0,16.0,2012.0,100.0,55.0,16.0,29.0,Вільямса,Голосіївський,бізнес
100000.0,1.0,1667.0,13.0,25.0,2008.0,60.0,21.0,17.0,22.0,Голосіївська,Голосіївський,бізнес
1010000.0,4.0,5674.0,23.0,26.0,2017.0,178.0,92.0,22.0,64.0,Оболонський,Оболонський,бізнес
45000.0,1.0,1500.0,1.0,9.0,1975.0,30.0,16.0,5.0,9.0,Миколи Голего,Солом'янський,економ
80000.0,1.0,1333.0,4.0,24.0,2012.0,60.0,37.0,14.0,9.0,Дніпровська,Оболонський,бізнес
115000.0,2.0,1575.0,21.0,25.0,2015.0,73.0,37.0,15.0,21.0,Малиновського,Шевченківський,бізнес
620000.0,5.0,3605.0,14.0,17.0,2001.0,172.0,93.0,13.0,66.0,Назарівська,Шевченківський,бізнес
250500.0,6.0,1668.0,13.0,14.0,1978.0,29.0,81.0,13.0,0.0,Гоголівська,Шевченківський,бізнес
39000.0,1.0,1345.0,1.0,5.0,1963.0,29.0,16.0,5.0,8.0,Дорогожицька,Шевченківський,економ
360000.0,5.0,2400.0,5.0,6.0,1936.0,150.0,120.0,15.0,15.0,Грушевського,Солом'янський,бізнес
250000.0,2.0,2976.0,15.0,23.0,2008.0,84.0,60.0,15.0,9.0,Іллєнка,Солом'янський,бізнес
95000.0,1.0,1863.0,22.0,25.0,2018.0,51.0,14.0,20.0,17.0,Липківського,Солом'янський,бізнес
63900.0,1.0,761.0,13.0,14.0,2013.0,84.0,44.0,18.0,22.0,Ушинського,Солом'янський,бізнес
81000.0,2.0,1528.0,13.0,25.0,2020.0,53.0,37.0,14.0,2.0,Польова,Солом'янський,бізнес
219000.0,1.0,3776.0,2.0,9.0,2019.0,58.0,20.0,20.0,18.0,Саперне Поле,Печерський,бізнес
162000.0,3.0,1604.0,19.0,26.0,2017.0,101.0,55.0,25.0,21.0,Панельна,"Голосіївський, Печерський",бізнес
260000.0,3.0,2321.0,14.0,18.0,2013.0,112.0,60.0,17.0,35.0,Хмельницького,"Голосіївський, Печерський",бізнес
163000.0,1.0,3622.0,2.0,22.0,2015.0,45.0,22.0,12.0,11.0,Маккейна,"Голосіївський, Печерський",бізнес
499000.0,2.0,4990.0,22.0,25.0,2019.0,100.0,37.0,14.0,49.0,Антоновича,"Голосіївський, Печерський",бізнес
310000.0,3.0,1925.0,3.0,18.0,2009.0,161.0,120.0,35.0,6.0,Толстого,Дарницький,бізнес
99800.0,3.0,1535.0,6.0,8.0,1962.0,65.0,37.0,14.0,14.0,Дружби Народів,Печерський,бізнес
130000.0,1.0,3023.0,9.0,26.0,2009.0,43.0,37.0,14.0,0.0,Оболонський,Оболонський,бізнес
70000.0,2.0,1273.0,4.0,5.0,1938.0,55.0,39.0,8.0,8.0,Багговутівська,Шевченківський,економ
44500.0,2.0,1025.0,1.0,5.0,1961.0,80.0,29.0,6.0,45.0,Антонова,"Голосіївський, Шевченківський",економ
199000.0,2.0,2488.0,2.0,5.0,1937.0,80.0,40.0,14.0,26.0,Володимирська,"Голосіївський, Шевченківський",економ
120000.0,2.0,2500.0,9.0,9.0,1972.0,48.0,37.0,14.0,0.0,Українки,Печерський,бізнес
68750.0,2.0,892.9,7.0,16.0,2009.0,77.0,34.0,12.0,31.0,Сім’ї Кульженків,Печерський,бізнес
162000.0,3.0,1800.0,11.0,26.0,2005.0,90.0,48.0,23.0,19.0,Коновальця,Печерський,бізнес
209000.0,2.0,2580.0,2.0,10.0,2003.0,81.0,40.0,15.0,26.0,Мирного,Печерський,бізнес
275000.0,2.0,2926.0,15.0,16.0,2006.0,94.0,37.0,48.0,9.0,Московська,Печерський,бізнес
38000.0,1.0,1056.0,8.0,9.0,1984.0,36.0,18.0,8.0,10.0,Жмеринська,Святошинський,економ
114000.0,3.0,1583.0,6.0,7.0,1959.0,72.0,51.0,9.0,12.0,Бойчука,Печерський,бізнес
161000.0,2.0,1809.0,17.0,25.0,2018.0,89.0,37.0,14.0,38.0,Липківського,Печерський,бізнес
330000.0,3.0,3000.0,18.0,24.0,2018.0,110.0,60.0,40.0,10.0,Лабораторний,Печерський,бізнес
1500000.0,5.0,5000.0,8.0,18.0,2009.0,300.0,37.0,14.0,249.0,Інститутська,Печерський,бізнес
295000.0,3.0,2757.0,6.0,6.0,1914.0,107.0,74.0,11.0,22.0,Хрещатик,"Печерський, Шевченківський",бізнес
62000.0,1.0,1512.0,2.0,25.0,2009.0,41.0,14.0,14.0,13.0,Дніпровська,Оболонський,бізнес
255000.0,4.0,2024.0,16.0,25.0,2016.0,126.0,70.0,15.0,41.0,Саперне Поле,Печерський,бізнес
68000.0,3.0,907.0,5.0,15.0,1993.0,75.0,43.0,8.0,24.0,Комарова,Дарницький,бізнес
164000.0,2.0,2702.0,30.0,30.0,2009.0,111.0,37.0,12.0,62.0,Драгомирова,Дарницький,бізнес
139000.0,3.0,1252.0,23.0,36.0,2007.0,111.0,60.0,18.0,33.0,Срібнокільська,Дарницький,бізнес
115000.0,2.0,1337.0,11.0,25.0,2008.0,86.0,37.0,14.0,35.0,Чоколівський,Солом'янський,бізнес
104000.0,1.0,1857.0,10.0,24.0,2009.0,56.0,16.0,16.0,24.0,Звіринецька,Печерський,бізнес
85000.0,1.0,1518.0,7.0,14.0,2009.0,56.0,20.0,14.0,22.0,Вишгородська,"Подільський, Оболонський",бізнес
190000.0,2.0,3585.0,3.0,20.0,2019.0,53.0,18.0,20.0,15.0,Драгомирова,Дніпровський,бізнес
65000.0,2.0,1161.0,3.0,4.0,1952.0,56.0,34.0,9.0,13.0,Будівельників,Дніпровський,бізнес
105000.0,3.0,1117.0,6.0,22.0,2010.0,94.0,47.0,15.0,32.0,Урлівська,Дарницький,бізнес
57000.0,2.0,919.0,15.0,21.0,2009.0,62.0,26.0,26.0,10.0,Сормовська,Дарницький,бізнес
65000.0,1.0,1182.0,5.0,18.0,2009.0,55.0,37.0,21.0,0.0,Правди,Подільський,бізнес
98000.0,2.0,1388.0,8.0,25.0,2006.0,52.0,37.0,14.0,1.0,Верховинна,Святошинський,бізнес
55000.0,2.0,1058.0,2.0,9.0,1986.0,52.0,29.0,8.0,15.0,Вербицького,"Голосіївський, Шевченківський, Печерський",економ
55000.0,1.0,1618.0,5.0,33.0,2009.0,34.0,37.0,9.0,0.0,Велика Васильківська,"Голосіївський, Шевченківський, Печерський",бізнес
115000.0,2.0,2170.0,7.0,7.0,1961.0,53.0,35.0,14.0,4.0,Велика Васильківська,"Голосіївський, Шевченківський, Печерський",економ
158364.0,2.0,1760.0,4.0,11.0,2009.0,90.0,45.0,20.0,25.0,Бойчука,Печерський,бізнес
80000.0,1.0,2000.0,11.0,25.0,2011.0,40.0,19.0,11.0,10.0,Лобановського,Печерський,бізнес
41000.0,2.0,909.0,2.0,3.0,1959.0,120.0,37.0,14.0,69.0,Миколи Шепелєва,Печерський,економ
435000.0,2.0,3625.0,2.0,10.0,1998.0,120.0,85.0,10.0,25.0,Кропивницького,Печерський,економ
100000.0,1.0,2000.0,3.0,23.0,2016.0,50.0,28.0,20.0,2.0,Трускавецька,Дарницький,бізнес
88107.1,2.0,1223.7,23.0,26.0,2009.0,72.0,34.0,15.0,23.0,Маланюка,Святошинський,бізнес
130000.0,1.0,2653.0,4.0,16.0,2009.0,49.0,18.0,16.0,15.0,Драгомирова,Святошинський,бізнес
125000.0,2.0,1866.0,4.0,9.0,2018.0,67.0,37.0,14.0,16.0,Юнацька,Святошинський,бізнес
89000.0,2.0,1413.0,12.0,14.0,2013.0,63.0,37.0,11.0,15.0,Максимовича,Святошинський,бізнес
110000.0,3.0,1122.0,4.0,25.0,2010.0,98.0,59.0,14.0,25.0,Комарова,Шевченківський,бізнес
70000.0,2.0,1167.0,7.0,12.0,2019.0,60.0,26.0,14.0,20.0,Багговутівська,Шевченківський,бізнес
46000.0,1.0,1000.0,8.0,26.0,2009.0,46.0,37.0,14.0,0.0,Костанайська,Голосіївський,бізнес
84000.0,2.0,1400.0,14.0,24.0,2009.0,60.0,37.0,10.0,13.0,Костанайська,Голосіївський,бізнес
160000.0,3.0,1250.0,3.0,10.0,2010.0,128.0,69.0,18.0,41.0,Срібнокільська,Дарницький,бізнес
42000.0,2.0,913.0,9.0,9.0,1970.0,46.0,37.0,14.0,0.0,Курчатова,Печерський,економ
61000.0,1.0,1743.0,8.0,9.0,1974.0,35.0,17.0,6.0,12.0,Гусовського,Печерський,економ
130000.0,3.0,1512.0,5.0,9.0,1972.0,86.0,43.0,9.0,34.0,Українки,Дарницький,бізнес
120000.0,3.0,1091.0,3.0,16.0,2002.0,110.0,54.0,13.0,43.0,Драгоманова,Дарницький,бізнес
250000.0,2.0,2874.0,11.0,23.0,2012.0,87.0,56.0,31.0,0.0,Дніпровська,Оболонський,бізнес
125000.0,3.0,1322.0,19.0,34.0,2009.0,50.0,37.0,14.0,0.0,Заболотного,Шевченківський,бізнес
79235.0,2.0,1152.0,14.0,34.0,2009.0,50.0,37.0,14.0,0.0,Заболотного,Шевченківський,бізнес
113261.0,2.0,1421.0,9.0,36.0,1961.0,50.0,37.0,14.0,0.0,Перемоги,Шевченківський,бізнес
62000.0,1.0,1403.0,24.0,25.0,2009.0,50.0,37.0,14.0,0.0,Сверстюка,Оболонський,бізнес
131000.0,2.0,2620.0,15.0,25.0,2016.0,50.0,37.0,21.0,0.0,Липківського,Оболонський,бізнес
300000.0,1.0,4000.0,18.0,24.0,2015.0,75.0,28.0,25.0,22.0,Маккейна,Оболонський,бізнес
108000.0,3.0,1200.0,3.0,24.0,2009.0,90.0,54.0,10.0,26.0,Дніпровська,Оболонський,бізнес
47000.0,1.0,1621.0,2.0,5.0,1964.0,29.0,15.0,5.0,9.0,Волгоградська,Солом'янський,економ
57000.0,2.0,919.0,2.0,25.0,2009.0,62.0,45.0,14.0,3.0,Новопольова,Солом'янський,бізнес
135482.1,2.0,1782.6,1.0,25.0,2015.0,76.0,37.0,14.0,25.0,Драгоманова,Дарницький,бізнес
149000.0,4.0,1192.0,3.0,8.0,2019.0,125.0,72.0,17.0,36.0,Лебедєва,Печерський,бізнес
85000.0,2.0,1977.0,1.0,5.0,1962.0,43.0,27.0,4.0,12.0,Драгомирова,Печерський,економ
123900.0,2.0,1721.0,6.0,30.0,2009.0,72.0,46.0,15.0,11.0,Драгомирова,Печерський,бізнес
150000.0,1.0,2727.0,3.0,17.0,2019.0,55.0,37.0,14.0,4.0,Лейпцизька,Печерський,бізнес
285000.0,3.0,2568.0,4.0,22.0,2014.0,111.0,60.0,35.0,16.0,Глибочицька,Шевченківський,бізнес
115000.0,3.0,1106.0,5.0,9.0,2005.0,104.0,65.0,20.0,19.0,Салютна,Шевченківський,бізнес
45900.0,2.0,1020.0,1.0,5.0,1965.0,45.0,30.0,4.0,11.0,Метрологічна,Голосіївський,економ
60000.0,2.0,952.0,18.0,25.0,2009.0,63.0,26.0,17.0,20.0,Північно-Сирецька,Подільський,бізнес
115000.0,2.0,1742.0,15.0,25.0,2018.0,66.0,30.0,18.0,18.0,Правди,Подільський,бізнес
44000.0,1.0,1023.0,24.0,26.0,2018.0,43.0,28.0,12.0,3.0,Вернадського,Печерський,бізнес
85000.0,2.0,1700.0,4.0,25.0,2016.0,50.0,25.0,10.0,15.0,Пчілки,Печерський,бізнес
183693.7,2.0,2213.2,8.0,25.0,2019.0,83.0,44.0,15.0,24.0,Лейпцизька,Печерський,бізнес
200000.0,3.0,2083.0,2.0,5.0,1959.0,96.0,73.0,7.0,16.0,Басейна,"Печерський, Шевченківський",економ
138000.0,2.0,2060.0,13.0,25.0,2011.0,67.0,37.0,14.0,16.0,Шаповала,Оболонський,бізнес
39500.0,1.0,1013.0,20.0,25.0,2009.0,39.0,37.0,10.0,0.0,Бережанська,Оболонський,бізнес
123500.0,2.0,1506.0,6.0,26.0,2009.0,82.0,37.0,18.0,27.0,Бойчука,Шевченківський,бізнес
80000.0,2.0,1250.0,11.0,16.0,2009.0,64.0,35.0,16.0,13.0,Перемоги,Шевченківський,бізнес
1976000.0,5.0,3800.0,17.0,25.0,2019.0,520.0,37.0,20.0,463.0,Івана Федорова,"Голосіївський, Печерський",бізнес
320000.0,2.0,3232.0,13.0,24.0,2019.0,99.0,47.0,13.0,39.0,Антоновича,"Голосіївський, Печерський",бізнес
110000.0,2.0,1735.0,1.0,12.0,2003.0,57.0,37.0,14.0,6.0,Вільямса,Шевченківський,бізнес
92000.0,2.0,1686.8,18.0,26.0,2009.0,57.0,37.0,31.0,0.0,Бойчука,Шевченківський,бізнес
101000.0,1.0,1772.0,33.0,36.0,2009.0,57.0,37.0,14.0,6.0,Перемоги,Шевченківський,бізнес
849000.0,2.0,1550.0,8.0,18.0,2001.0,55.0,37.0,14.0,4.0,Ковпака,"Голосіївський, Печерський",бізнес
85000.0,2.0,1545.0,6.0,16.0,1973.0,55.0,22.0,7.0,26.0,Русанівський,Дніпровський,бізнес
330000.0,3.0,2481.0,7.0,21.0,2010.0,133.0,70.0,22.0,41.0,Українки,Дніпровський,бізнес
33900.0,1.0,1169.0,4.0,5.0,1969.0,29.0,16.0,7.0,6.0,Празька,Дніпровський,економ
165000.0,4.0,2062.0,4.0,4.0,2009.0,80.0,56.0,11.0,13.0,Гончара,Оболонський,бізнес
270000.0,2.0,3333.0,11.0,13.0,2019.0,81.0,32.0,20.0,29.0,Маккейна,Оболонський,бізнес
40000.0,1.0,995.0,14.0,25.0,2009.0,49.0,37.0,12.0,0.0,Балтійський,Оболонський,бізнес
104000.0,1.0,2122.0,13.0,26.0,2015.0,49.0,25.0,14.0,10.0,Білоруська,Шевченківський,бізнес
75000.0,1.0,1442.0,4.0,25.0,2016.0,52.0,18.0,14.0,20.0,Драгоманова,Дарницький,бізнес
115000.0,2.0,1613.0,4.0,25.0,2009.0,33.0,37.0,14.0,0.0,Липківського,Печерський,бізнес
58000.0,1.0,1758.0,8.0,9.0,1972.0,33.0,19.0,14.0,0.0,Новогоспітальна,Печерський,економ
30540.0,1.0,1021.4,9.0,26.0,2009.0,160.0,37.0,14.0,109.0,Радченка,Оболонський,бізнес
259999.0,5.0,1625.0,5.0,6.0,1936.0,160.0,85.0,40.0,35.0,Богомольця,Оболонський,економ
140000.0,3.0,1842.0,26.0,26.0,2016.0,76.0,49.0,10.0,17.0,Донця,Оболонський,бізнес
160000.0,2.0,2078.0,3.0,26.0,2009.0,77.0,36.0,13.0,28.0,Оболонський,Оболонський,бізнес
200714.3,4.0,2007.1,2.0,2.0,2009.0,100.0,80.0,20.0,0.0,Щекавицька,Подільський,економ
65000.0,3.0,1048.0,3.0,9.0,1960.0,62.0,43.0,9.0,10.0,Пожарського,Дніпровський,бізнес
74000.0,3.0,1000.0,7.0,9.0,1975.0,74.0,48.0,8.0,18.0,Полкова,Подільський,бізнес
67000.0,2.0,1218.0,3.0,16.0,1993.0,55.0,30.0,8.0,17.0,Палладіна,Шевченківський,бізнес
110000.0,2.0,1630.0,12.0,24.0,2009.0,84.0,37.0,37.0,10.0,Бойчука,Шевченківський,бізнес
127000.0,2.0,1512.0,14.0,24.0,2018.0,84.0,43.0,14.0,27.0,Липківського,Шевченківський,бізнес
180000.0,2.0,1915.0,4.0,10.0,2005.0,94.0,45.0,15.0,34.0,Павлівська,Шевченківський,бізнес
63000.0,3.0,875.0,3.0,9.0,1977.0,72.0,45.0,7.0,20.0,Івашкевича,Солом'янський,бізнес
42900.0,2.0,998.0,1.0,5.0,2009.0,43.0,29.0,14.0,0.0,Іскрівська,Солом'янський,економ
95000.0,3.0,1234.0,16.0,25.0,2017.0,77.0,45.0,12.0,20.0,Максимовича,Святошинський,бізнес
255000.0,4.0,2318.0,3.0,4.0,1900.0,110.0,68.0,13.0,29.0,Драгомирова,Голосіївський,економ
100357.1,2.0,1593.0,6.0,30.0,2009.0,63.0,35.0,8.0,20.0,Драгомирова,Голосіївський,бізнес
115000.0,1.0,2614.0,2.0,7.0,2019.0,44.0,14.0,21.0,9.0,Теремківська,Голосіївський,економ
113300.0,3.0,1218.0,15.0,21.0,2009.0,93.0,55.0,11.0,27.0,Осокорська,Дарницький,бізнес
268000.0,4.0,1381.0,18.0,20.0,2010.0,194.0,93.0,35.0,66.0,Дмитрівська,Шевченківський,бізнес
140000.0,3.0,1273.0,3.0,26.0,2009.0,110.0,37.0,14.0,59.0,Кондратюка,Дніпровський,бізнес
146000.0,3.0,1718.0,1.0,9.0,2015.0,85.0,40.0,17.0,28.0,Регенераторна,Дніпровський,бізнес
63000.0,3.0,900.0,23.0,23.0,2009.0,70.0,34.0,14.0,22.0,Глибочицька,Шевченківський,бізнес
495000.0,3.0,3367.0,14.0,23.0,2014.0,147.0,50.0,40.0,57.0,Глибочицька,Шевченківський,бізнес
275000.0,3.0,2644.0,5.0,24.0,2008.0,104.0,70.0,14.0,20.0,Героїв Сталінграда,Оболонський,бізнес
73500.0,2.0,1361.0,2.0,9.0,1966.0,54.0,32.0,8.0,14.0,Борщагівська,"Солом'янський, Шевченківський ",економ
57000.0,2.0,1056.0,7.0,26.0,2009.0,54.0,28.0,9.0,17.0,Ревуцького,Дарницький,бізнес
121860.0,2.0,1741.0,2.0,9.0,2018.0,70.0,45.0,14.0,11.0,Юнацька,Святошинський,бізнес
73000.0,2.0,1000.0,21.0,25.0,2009.0,73.0,37.0,14.0,22.0,Заболотного,Оболонський,бізнес
39000.0,1.0,1147.0,3.0,5.0,1960.0,34.0,18.0,8.0,8.0,Автозаводська,Оболонський,економ
92284.0,2.0,1138.0,6.0,34.0,2009.0,121.0,37.0,14.0,70.0,Заболотного,"Голосіївський, Печерський, Шевченківський",бізнес
210000.0,2.0,1736.0,14.0,24.0,2008.0,121.0,60.0,30.0,31.0,Саксаганського,"Голосіївський, Печерський, Шевченківський",бізнес
139900.0,4.0,1260.0,6.0,9.0,2009.0,111.0,37.0,14.0,60.0,Зарічна,Дарницький,бізнес
145000.0,2.0,1686.0,17.0,23.0,2005.0,86.0,48.0,12.0,26.0,Героїв Сталінграда,Оболонський,бізнес
76000.0,3.0,1086.0,6.0,9.0,1980.0,70.0,34.0,10.0,26.0,Героїв Сталінграда,Оболонський,бізнес
796000.0,4.0,4020.0,7.0,15.0,2009.0,198.0,65.0,67.0,66.0,Драгомирова,Дарницький,бізнес
97926.0,1.0,1900.0,9.0,30.0,2009.0,32.0,37.0,14.0,0.0,Драгомирова,Дарницький,бізнес
46000.0,1.0,1438.0,2.0,5.0,1963.0,32.0,19.0,6.0,7.0,Гавела,Дарницький,економ
115000.0,3.0,1135.0,13.0,25.0,2004.0,110.0,37.0,14.0,59.0,Здолбунівська,Дарницький,бізнес
430000.0,3.0,3909.0,8.0,22.0,2014.0,110.0,62.0,14.0,34.0,Драгомирова,Печерський,бізнес
3210000.0,5.0,8025.0,10.0,10.0,1961.0,400.0,250.0,50.0,100.0,Мечнікова,Печерський,бізнес
127900.0,2.0,1776.0,13.0,24.0,2017.0,72.0,35.0,17.0,20.0,Максимовича,Святошинський,бізнес
75000.0,2.0,1250.0,4.0,5.0,1938.0,60.0,45.0,9.0,6.0,Багговутівська,Шевченківський,економ
90005.0,2.0,1915.0,8.0,15.0,2009.0,47.0,17.0,20.0,10.0,Шолуденка,Шевченківський,бізнес
284999.0,2.0,3202.0,3.0,18.0,2005.0,89.0,50.0,16.0,23.0,Щекавицька,Подільський,бізнес
51000.0,3.0,850.0,2.0,9.0,1972.0,60.0,40.0,6.0,14.0,Коласа,Шевченківський,економ
320000.0,3.0,3107.0,8.0,24.0,2013.0,103.0,37.0,16.0,50.0,Перемоги,Шевченківський,бізнес
43000.0,2.0,782.0,24.0,26.0,2009.0,55.0,37.0,11.0,7.0,Перемоги,Шевченківський,бізнес
91000.0,1.0,1750.0,33.0,35.0,2009.0,52.0,20.0,22.0,10.0,Перемоги,Шевченківський,бізнес
185000.0,2.0,2256.0,6.0,9.0,2009.0,82.0,35.0,24.0,23.0,Наумова,Шевченківський,бізнес
49990.0,3.0,757.0,8.0,9.0,1976.0,66.0,45.0,8.0,13.0,Наумова,Шевченківський,бізнес
89000.0,1.0,2342.0,7.0,15.0,2009.0,38.0,20.0,7.0,11.0,Перемоги,Шевченківський,бізнес
170000.0,2.0,2656.0,5.0,7.0,1948.0,64.0,37.0,9.0,18.0,Велика Васильківська,"Голосіївський, Шевченківський, Печерський",бізнес
46500.0,2.0,1011.0,5.0,5.0,1963.0,46.0,31.0,7.0,8.0,Вишгородська,"Подільський, Оболонський",економ
